location,meal_section,category,item_name,serving_size,Total Fat,Protein,Total Carbohydrate,Total Sugars,Total Sodium,Calories
Bella Union,Any,Espresso Drinks,Americano Decaffeinated,20 oz,0g,0g,0g,0g,5mg,0
Bella Union,Any,Espresso Drinks,Americano Regular,20 oz,0g,0g,0g,0g,5mg,0
Bella Union,Any,Espresso Drinks,Cafe Au Lait Skim Milk,20 oz,0g,17g,25g,23g,240mg,168
Bella Union,Any,Espresso Drinks,Cafe Au Lait Soy Milk,12 oz,6g,12g,14g,9g,180mg,158
Bella Union,Any,Espresso Drinks,Cafe Au Lait Whole Milk,20 oz,17g,17g,27g,25g,260mg,329
Bella Union,Any,Espresso Drinks,Cappuccino Oat Milk,20 oz,17g,8g,49g,6g,350mg,381
Bella Union,Any,Espresso Drinks,Cappuccino Skim Milk,16 oz,0g,14g,21g,19g,210mg,140
Bella Union,Any,Espresso Drinks,Cappuccino Soy Milk,20 oz,11g,23g,27g,18g,350mg,299
Bella Union,Any,Espresso Drinks,Decaf Mocha Whole Milk,12 oz,10g,11g,29g,27g,170mg,250
J.B.'s Roast & Chops,Any,Seafood on the Grill,Chili Rubbed Mahi Mahi,6 oz Portion,10g,25g,0g,0g,650mg,190
J.B.'s Roast & Chops,Any,Seafood on the Grill,Grilled Salmon,6 oz Portion,17g,38g,0g,0g,610mg,305
J.B.'s Roast & Chops,Any,Seafood on the Grill,Grilled Yellow Fin Tuna,6 oz Portion,1g,34g,0g,0g,270mg,145
J.B.'s Roast & Chops,Any,Seafood on the Grill,Shrimp Skewer,Skewer,2g,19g,0g,0g,1660mg,94
J.B.'s Roast & Chops,Any,Carved To Order,London Broil,5 oz Portion,9g,38g,3g,0g,410mg,245
J.B.'s Roast & Chops,Any,Carved To Order,Prime Rib,8 oz Portion,35g,56g,3g,0g,370mg,551
J.B.'s Roast & Chops,Any,Chop House Classics,Flame Roasted Chicken,Quarter,28g,55g,0g,0g,3590mg,472
J.B.'s Roast & Chops,Any,Chop House Classics,Grilled Chicken Breast,4.5 oz Portion,8g,40g,5g,0g,1020mg,252
J.B.'s Roast & Chops,Any,Chop House Classics,Paella Mixta,9.6 oz Portion,14g,21g,39g,2g,1080mg,366
J.B.'s Roast & Chops,Any,Chop House Classics,Petite Sirloin,4 oz Portion,13g,28g,0g,0g,210mg,229
J.B.'s Roast & Chops,Any,Chop House Classics,Pork Chop,8 oz Portion,33g,60g,5g,0g,2470mg,557
J.B.'s Roast & Chops,Any,Chop House Classics,Pork Rib Rack,3 Rack,51g,94g,115g,109g,3010mg,1295
J.B.'s Roast & Chops,Any,Chop House Classics,Ribeye,Portion,36g,51g,5g,0g,680mg,548
J.B.'s Roast & Chops,Any,Chop House Classics,Beef Skewer,Skewer,26g,35g,5g,1g,380mg,394
J.B.'s Roast & Chops,Any,Salads,Apple Fennel Salad,Large,26g,4g,42g,29g,100mg,418
J.B.'s Roast & Chops,Any,Salads,Caesar Salad,Large,8g,5g,12g,6g,340mg,140
J.B.'s Roast & Chops,Any,Salads,Smoked Chophouse Salad,Salad,45g,22g,53g,13g,1280mg,705
J.B.'s Roast & Chops,Any,Salads,Wedge Salad,Salad,31g,29g,11g,4g,1510mg,439
J.B.'s Roast & Chops,Any,Sandwiches (Choose 1 Side),Beyond Meat Burger,Sandwich,58g,37g,54g,9g,1270mg,886
J.B.'s Roast & Chops,Any,Sandwiches (Choose 1 Side),Black and Blue Burger,Sandwich,39g,43g,49g,7g,1780mg,719
J.B.'s Roast & Chops,Any,Sandwiches (Choose 1 Side),Chophouse Steakburger,Sandwich,71g,60g,50g,9g,1480mg,1079
J.B.'s Roast & Chops,Any,Sandwiches (Choose 1 Side),Grilled Chicken Sandwich,Sandwich,39g,58g,51g,9g,2360mg,787
J.B.'s Roast & Chops,Any,Sandwiches (Choose 1 Side),Loaded GOAT Cheeseburger,Sandwich,40g,35g,42g,8g,650mg,668
J.B.'s Roast & Chops,Any,Sandwiches (Choose 1 Side),Prime Rib Steak Sandwich,Sandwich,42g,54g,47g,4g,820mg,782
J.B.'s Roast & Chops,Any,Sides,Brown Rice,4 oz Portion,0g,3g,9g,3g,540mg,48
J.B.'s Roast & Chops,Any,Sides,Cranberry Quinoa,3.5 oz Portion,2g,3g,15g,2g,620mg,90
J.B.'s Roast & Chops,Any,Sides,Dinner Roll,Roll,6g,5g,35g,7g,360mg,214
J.B.'s Roast & Chops,Any,Sides,Garlic and Parsley Potato Wedge,4 oz Portion,18g,2g,20g,1g,1410mg,250
J.B.'s Roast & Chops,Any,Sides,Grilled Asparagus,2 oz Portion,1.5g,1g,2g,3g,30mg,26
J.B.'s Roast & Chops,Any,Sides,Grilled Tomato Salad,5.3 oz Portion,4g,1g,6g,4g,740mg,64
J.B.'s Roast & Chops,Any,Sides,Mixed Vegetables,4 oz Portion,6g,7g,21g,3g,390mg,166
J.B.'s Roast & Chops,Any,Sides,Roasted Broccoli,4 oz Portion,3.5g,3g,8g,2g,700mg,76
J.B.'s Roast & Chops,Any,Sides,Roasted Garlic Mashed Potatoes,4 oz Portion,10g,2g,23g,3g,200mg,190
J.B.'s Roast & Chops,Any,Sides,Sweet Potato Fries,3 oz Portion,3g,3g,34g,5g,560mg,175
J.B.'s Roast & Chops,Any,Sides,Twice Baked Potato,Half Potato,7g,7g,31g,3g,310mg,215
The Pitchfork,Breakfast,Breakfast Entrees,Breakfast Quesadilla,Quesadilla,54g,40g,57g,9g,1480mg,874
The Pitchfork,Breakfast,Breakfast Entrees,Breakfast Taco,Taco,21g,18g,12g,6g,350mg,309
The Pitchfork,Breakfast,Breakfast Entrees,Egg Your Way,2 Egg Portion,10g,9g,1g,1g,135mg,130
The Pitchfork,Breakfast,Breakfast Entrees,Fried Egg BLT,Sandwich,36g,20g,47g,5g,1020mg,592
The Pitchfork,Breakfast,Bagels,Cream Cheese,2 oz Portion,20g,4g,2g,1g,170mg,204
The Pitchfork,Breakfast,Bagels,Lox and Bagel,Sandwich,26g,29g,62g,5g,2140mg,598
The Pitchfork,Breakfast,Bagels,Plain Bagel,Bagel,3g,10g,56g,3g,560mg,291
The Pitchfork,Breakfast,Build a Biscuit or Sandwich Breads (Choose 1),Breakfast Biscuit,Biscuit,11g,5g,29g,3g,710mg,235
The Pitchfork,Breakfast,Build a Biscuit or Sandwich Breads (Choose 1),Gluten Free Multi Grain Bread,Bun,1g,2g,28g,3g,170mg,129
The Pitchfork,Breakfast,Build a Biscuit or Sandwich Breads (Choose 1),Wheat Toast,2 Slice Portion,3g,8g,44g,4g,420mg,235
The Pitchfork,Breakfast,Build a Biscuit or Sandwich Breads (Choose 1),White Toast,2 Slice Portion,1.5g,5g,24g,0g,250mg,130
The Pitchfork,Breakfast,Pancakes,GFF Pancake,Full Stack PancakesHalf Stack Pancakes,2g,1g,7g,1g,85mg,50
The Pitchfork,Breakfast,Pancakes,Pancakes,Half Stack PancakesFull Stack Pancakes,15g,6g,37g,7g,540mg,307
The Pitchfork,Lunch,Grub,Cheese Quesadilla,Quesadilla,44g,35g,62g,6g,1570mg,784
The Pitchfork,Lunch,Grub,Falafel Sandwich on Whole Wheat Pita,Sandwich,35g,31g,97g,3g,1010mg,827
The Pitchfork,Lunch,Grub,Mac and Cheese Bites,15 Piece Portion,94g,26g,74g,5g,3210mg,1246
The Pitchfork,Lunch,Grub,Vegetable Samosas with Tomato Chutney,4 Piece Portion,42g,11g,95g,8g,1190mg,802
The Pitchfork,Lunch,Salads,Arugula Salad,Salad,37g,14g,39g,32g,520mg,545
The Pitchfork,Lunch,Salads,California Club Salad,Salad,73g,51g,31g,2g,2300mg,985
The Pitchfork,Lunch,Salads,E Tu Caesar Salad,Salad,53g,31g,32g,2g,1660mg,729
The Pitchfork,Lunch,Salads,Kale Salad,Salad,36g,13g,51g,24g,290mg,580
The Pitchfork,Lunch,Sandwiches (Choose 1 Side),Bahn Mi,Sandwich,26g,32g,89g,32g,1830mg,718
The Pitchfork,Lunch,Sandwiches (Choose 1 Side),Black Angus Burger,Sandwich,34g,56g,44g,9g,550mg,706
The Pitchfork,Lunch,Sandwiches (Choose 1 Side),Fried Chicken Sandwich,Sandwich,37g,24g,58g,10g,1360mg,661
The Pitchfork,Lunch,Sandwiches (Choose 1 Side),Grilled Cheese Sandwich,Sandwich,60g,30g,48g,0g,1050mg,852
The Pitchfork,Lunch,Sandwiches (Choose 1 Side),Morty's Reuben on Rye Sandwich,Sandwich,75g,37g,57g,3g,2570mg,1051
The Pitchfork,Lunch,Sandwiches (Choose 1 Side),Pulled Pork Barbecue Sandwich,Sandwich,12g,32g,45g,12g,920mg,416
The Pitchfork,Lunch,Sandwiches (Choose 1 Side),Veggie Burger,Sandwich,46g,46g,63g,19g,2150mg,850
The Pitchfork,Lunch,Dinner,Chicken Parmesan Pitchfork,Portion,27g,48g,116g,5g,3560mg,899
The Pitchfork,Lunch,Dinner,Salmon Hot Pot,Portion,20g,66g,231g,3g,2180mg,1368
The Pitchfork,Lunch,Dinner,Spaghetti and Meatballs,Portion,84g,49g,105g,4g,3490mg,1372
The Pitchfork,Lunch,Dinner,Spaghetti with Marinara,Portion,9g,18g,97g,4g,2440mg,541
The Pitchfork,Lunch,Dinner,Veggie Hot Pot Pitchfork,Portion,4g,15g,102g,3g,1250mg,504
The Pitchfork,Lunch,Dinner,Veggie Lasagna,10 oz Portion,15g,20g,37g,2g,940mg,363
The Pitchfork,Lunch,Sides,Fries,6 oz Portion,19g,3g,35g,2g,950mg,323
The Pitchfork,Lunch,Sides,Fruit Salad,4 oz Portion,0g,3g,12g,11g,10mg,60
The Pitchfork,Lunch,Sides,Greens Side Salad,Salad,23g,1g,6g,4g,450mg,235
The Pitchfork,Lunch,Sides,Tots,6 oz Portion,30g,3g,29g,0g,530mg,398
The Pitchfork,Snack,Late Night,Chicken Tenders,7.8 oz Portion,39g,28g,30g,0g,900mg,583
The Pitchfork,Snack,Sides,Garden Salad,Salad,17g,2g,11g,6g,360mg,205
The Skillet,Breakfast,Fast Lane Blue Plate,Cooked Egg White,4 oz Portion,0g,12g,1g,1g,340mg,52
The Skillet,Breakfast,Fast Lane Blue Plate,Cooked Eggs,5 oz Portion,14g,18g,1g,1g,400mg,202
The Skillet,Breakfast,Fast Lane Blue Plate,Two Eggs to Order Any Style,2 Egg Portion,12g,9g,1g,1g,135mg,148
The Skillet,Breakfast,Sausage Biscuits and Gravy,Biscuits and Gravy,8 oz Portion,66g,19g,78g,4g,2630mg,982
The Skillet,Breakfast,French Toast,French Toast,3 Slice Portion,20g,30g,115g,47g,1110mg,760
The Skillet,Breakfast,Chicken and Waffles,Chicken and Waffles,Portion,53g,68g,105g,55g,3350mg,1169
The Skillet,Breakfast,Build a Biscuit or Sandwich Breads (Choose 1),Sourdough Toast,2 Slice Portion,3g,10g,59g,2g,610mg,303
The Skillet,Breakfast,Build a Biscuit or Sandwich Breads (Choose 1),Toasted Brioche Bun,Bun,4.5g,6g,39g,6g,370mg,220
The Skillet,Breakfast,Build a Biscuit or Sandwich Breads (Choose 1),Biscuit,Biscuit,11g,3g,31g,2g,710mg,235
The Skillet,Breakfast,Build a Biscuit or Sandwich Fillings,Bacon,3 Slice Portion,10g,10g,0g,0g,480mg,130
The Skillet,Breakfast,Build a Biscuit or Sandwich Fillings,Cheddar Cheese Slice,Slice,7g,5g,0g,0g,140mg,83
The Skillet,Breakfast,Build a Biscuit or Sandwich Fillings,Country Ham,1.25 oz Portion,7g,14g,0g,0g,1280mg,119
The Skillet,Breakfast,Build a Biscuit or Sandwich Fillings,Fried Chicken Breast,5.3 oz Portion,40g,28g,5g,0g,95mg,492
The Skillet,Breakfast,Build a Biscuit or Sandwich Fillings,Pork Sausage Patty,4 oz Portion,31g,21g,2g,1g,920mg,371
The Skillet,Breakfast,Build a Biscuit or Sandwich Fillings,Turkey Sausage,4 oz Portion,16g,18g,0g,0g,740mg,216
The Skillet,Breakfast,Build a Biscuit or Sandwich Fillings,Turkey Sausage Link,2 Link Portion,24g,24g,0g,0g,920mg,312
The Skillet,Breakfast,Build a Biscuit or Sandwich Fillings,Vegetarian Sausage Patty,2 Piece Portion,5g,20g,9g,2g,550mg,161
The Skillet,Breakfast,Waffle Station,Chocolate Chips,5 oz Portion,4g,2g,9g,8g,0mg,80
The Skillet,Breakfast,Waffle Station,Fresh Berries,2 oz Portion,0g,0g,6g,5g,0mg,24
The Skillet,Breakfast,Waffle Station,Gluten Free Waffle,Waffle,0g,6g,30g,6g,370mg,144
The Skillet,Breakfast,Waffle Station,Waffle,Waffle,2.5g,4g,43g,4g,670mg,210
The Skillet,Breakfast,Waffle Station,Whipped Cream,1.5 oz Portion,4g,0g,1g,1g,0mg,40
The Skillet,Breakfast,Pancakes,Buttermilk Pancakes,2 Pancake Portion,5g,5g,30g,9g,490mg,185
The Skillet,Breakfast,Pancakes,Vegan Pancakes,2 Pancake Portion,7g,10g,59g,25g,590mg,339
The Skillet,Breakfast,Oatmeal and Yogurt,Banana,1 oz Portion,0g,0g,6g,10g,0mg,24
The Skillet,Breakfast,Oatmeal and Yogurt,Brown Sugar,1 Tablespoon Portion,0g,0g,13g,13g,0mg,52
The Skillet,Breakfast,Oatmeal and Yogurt,Cinnamon Oatmeal,8 oz Portion,3g,5g,39g,14g,150mg,203
The Skillet,Breakfast,Oatmeal and Yogurt,Dried Cranberries,5 oz Portion,0g,0g,12g,10g,0mg,48
The Skillet,Breakfast,Oatmeal and Yogurt,Greek Vanilla Yogurt,4 oz Portion,0g,10g,10g,8g,40mg,80
The Skillet,Breakfast,Oatmeal and Yogurt,Honey Granola,1 oz Portion,3g,2g,21g,7g,50mg,119
The Skillet,Breakfast,Breakfast Side,Cheddar Grits,4 oz Portion,17g,10g,8g,3g,370mg,225
The Skillet,Breakfast,Breakfast Side,Cheese Sauce,4 oz Portion,16g,12g,7g,3g,730mg,220
The Skillet,Breakfast,Breakfast Side,Mixed Fruit,3 oz Portion,0g,8g,9g,8g,15mg,68
The Skillet,Breakfast,Breakfast Side,Plain Grits,4 oz Portion,1g,2g,14g,0g,350mg,73
The Skillet,Breakfast,Breakfast Side,Sausage Gravy,4 oz Portion,33g,9g,11g,3g,900mg,377
The Skillet,Breakfast,Breakfast Side,Strawberries,4 oz Portion,0g,6g,68g,49g,0mg,296
The Skillet,Breakfast,Breakfast Side,Tater Tots,4 oz Portion,19g,0g,25g,0g,420mg,271
The Skillet,Lunch,"On the Table (Choice of Two Sides, Sauce and Hushpuppies)",Chicken Tender,3 Piece Portion,32g,33g,10g,2g,70mg,460
The Skillet,Lunch,"On the Table (Choice of Two Sides, Sauce and Hushpuppies)",Fried Chicken,Breast and Wing PortionLeg and Thigh Portion,53g,35g,2g,0g,120mg,625
The Skillet,Lunch,"On the Table (Choice of Two Sides, Sauce and Hushpuppies)",Hickory Smoked NC Pork,5 oz Portion,21g,35g,5g,3g,850mg,349
The Skillet,Lunch,"On the Table (Choice of Two Sides, Sauce and Hushpuppies)",Meatloaf,6 oz Portion,25g,28g,8g,2g,1030mg,369
The Skillet,Lunch,"On the Table (Choice of Two Sides, Sauce and Hushpuppies)",Combo Plate,Portion,118g,136g,37g,8g,1070mg,1754
The Skillet,Lunch,"On the Table (Choice of Two Sides, Sauce and Hushpuppies)",Smoked Beef Brisket,5 oz Portion,11g,45g,8g,2g,410mg,311
The Skillet,Lunch,Catfish Platter (Choose 2 Sides),Blackened Catfish,7 oz Portion,37g,32g,20g,2g,1100mg,541
The Skillet,Lunch,Catfish Platter (Choose 2 Sides),Fried Catfish,6.7 oz Portion,13g,25g,4g,2g,380mg,233
The Skillet,Lunch,Catfish Platter (Choose 2 Sides),Sauteed Catfish,4.5 oz Portion,8g,15g,0g,1g,1670mg,132
The Skillet,Lunch,Shrimp and Grits,Shrimp and Grits,9.5 oz Portion,34g,30g,33g,5g,2570mg,558
The Skillet,Lunch,Fried Egg BLT (Choose Your Bread and 1 Side),Fried Egg BLT Filling,Sandwich,64g,39g,9g,2g,1730mg,768
The Skillet,Lunch,Sandwiches (Choose 1 Side),Big Country Chicken Sandwich,Sandwich,63g,40g,46g,7g,1200mg,911
The Skillet,Lunch,Sandwiches (Choose 1 Side),Pulled Pork Sandwich,Sandwich,21g,34g,41g,7g,790mg,489
The Skillet,Lunch,Sandwiches (Choose 1 Side),Shrimp Po' Boy,Sandwich,51g,22g,65g,4g,1350mg,807
The Skillet,Lunch,Sandwiches (Choose 1 Side),Brisket Sandwich,Sandwich,16g,59g,39g,6g,1870mg,536
The Skillet,Lunch,Sandwiches (Choose 1 Side),BLT Sandwich,Sandwich,55g,38g,54g,2g,2080mg,863
The Skillet,Lunch,Sides,Bacon Collard Greens,3.95 oz Portion,8g,11g,15g,2g,1760mg,176
The Skillet,Lunch,Sides,Brown Gravy,2 oz Portion,3.5g,2g,15g,1g,1480mg,100
The Skillet,Lunch,Sides,Country Style Green Beans,4 oz Portion,1g,2g,9g,4g,440mg,53
The Skillet,Lunch,Sides,Creamy Cole Slaw,4 oz Portion,26g,1g,6g,6g,490mg,262
The Skillet,Lunch,Sides,Griddled Squash and Onions,4 oz Portion,5g,3g,4g,2g,3820mg,73
The Skillet,Lunch,Sides,Hushpuppies,4 oz Portion,13g,2g,69g,16g,1070mg,401
The Skillet,Lunch,Sides,White Cheddar Macaroni and Cheese,4 oz Portion,16g,10g,11g,3g,330mg,228
The Skillet,Lunch,Sides,Pinto Beans,2 Cup Portion,13g,5g,22g,2g,1450mg,225
The Skillet,Lunch,Sides,Valinda's Potato Salad,3.25 oz Portion,18g,2g,16g,2g,210mg,234
The Skillet,Lunch,Sides,Fried Okra,3.5 oz Portion,9g,5g,24g,1g,330mg,197
The Skillet,Lunch,Sides,Succotash,4 Cup Portion,1g,7g,30g,8g,1460mg,157
The Skillet,Lunch,Sides,Cheesy Hash Brown Casserole,6 oz Portion,10g,10g,24g,2g,380mg,226
The Skillet,Lunch,Sides,Diced Potato,5.5 oz Portion,3g,3g,27g,3g,290mg,147
The Skillet,Lunch,A La Carte,Smoked Pulled Pork,5 oz Portion,23g,35g,2g,1g,530mg,355
Bseisu Coffee Bar,Breakfast,Breakfast Menu,Apple Tart,Tart,22g,4g,57g,24g,420mg,442
Bseisu Coffee Bar,Breakfast,Breakfast Menu,Blueberry Bagel,Bagel,1.5g,12g,65g,4g,580mg,322
Bseisu Coffee Bar,Breakfast,Breakfast Menu,Buttermilk Blueberry Muffin,Muffin,19g,5g,52g,31g,350mg,399
Bseisu Coffee Bar,Breakfast,Breakfast Menu,Cinnamon Raisin Bagel,Bagel,1.5g,12g,65g,4g,580mg,322
Bseisu Coffee Bar,Breakfast,Breakfast Menu,Double Chocolate Chunk Muffin,Muffin,19g,5g,57g,37g,290mg,419
Bseisu Coffee Bar,Breakfast,Breakfast Menu,Lemon Cranberry Muffin,Muffin,17g,5g,53g,30g,340mg,385
Bseisu Coffee Bar,Drink,Hot Beverages,Americano,16 oz,0g,0g,0g,0g,0mg,0
Bseisu Coffee Bar,Drink,Hot Beverages,Cafe Au Lait 2% Milk,16 oz,4.5g,7g,11g,11g,115mg,112
Bseisu Coffee Bar,Drink,Hot Beverages,Cafe Latte 2% Milk,12 oz,7g,11g,16g,16g,160mg,171
Bseisu Coffee Bar,Drink,Hot Beverages,Cafe Latte Soy Milk,12 oz,5g,9g,10g,7g,120mg,121
Bseisu Coffee Bar,Drink,Hot Beverages,Cafe Mocha 2% Milk,12 oz,6g,10g,72g,65g,120mg,382
Bseisu Coffee Bar,Drink,Hot Beverages,Cafe Mocha Soy Milk,12 oz,5g,9g,42g,36g,120mg,249
Bseisu Coffee Bar,Drink,Hot Beverages,Cappuccino 2% Milk,12 oz,6g,10g,15g,15g,160mg,154
Bseisu Coffee Bar,Drink,Hot Beverages,Chai Latte 2% Milk,16 oz,5g,8g,45g,42g,125mg,257
Bseisu Coffee Bar,Drink,Hot Beverages,Chai Latte Soy Milk,20 oz,4.5g,8g,51g,46g,10mg,276
Bseisu Coffee Bar,Drink,Hot Beverages,Espresso Shot,Shot,0g,0g,0g,0g,0mg,0
Bseisu Coffee Bar,Drink,Hot Beverages,Hot Tea,20 oz,0g,0g,0g,0g,0mg,0
Bseisu Coffee Bar,Drink,Iced Beverages,Iced Coffee,12 oz,0g,0g,0g,0g,10mg,0
Bseisu Coffee Bar,Drink,Smoothies,Peach Paradise Smoothie,16 oz,0g,1g,73g,70g,15mg,296
Bseisu Coffee Bar,Drink,Smoothies,Strawberry Breeze Smoothie,16 oz,0g,1g,90g,86g,15mg,364
Sprout,Breakfast,Breakfast,Avocado Toast,Sandwich,27g,11g,37g,6g,310mg,435
Sprout,Breakfast,Breakfast,Breakfast Burrito,Burrito,15g,17g,34g,5g,1190mg,339
Sprout,Breakfast,Breakfast,Brussel Sprout Hash,13 oz Portion,12g,16g,52g,8g,2460mg,380
Sprout,Breakfast,Breakfast,French Toast Sticks,4 oz Portion,4g,7g,50g,3g,600mg,264
Sprout,Breakfast,Breakfast,Hash Brown Patty,Patty,5g,1g,15g,0g,180mg,109
Sprout,Breakfast,Breakfast,Oatmeal,7 oz Portion,1.5g,3g,30g,7g,280mg,146
Sprout,Breakfast,Breakfast,Tofu Scramble,5.5 oz Portion,5g,9g,5g,2g,510mg,101
Sprout,Breakfast,Breakfast,Tri Color Potato,4 oz Portion,6g,3g,25g,3g,440mg,166
Sprout,Lunch,Entree,Black Pepper Tofu,6 oz Portion,16g,17g,15g,8g,680mg,272
Sprout,Lunch,Entree,Plant Based Chicken Nuggets,3.35 oz Portion,7g,14g,14g,0g,360mg,175
Sprout,Lunch,Entree,Three Bean Chili,10 oz Portion,1g,13g,30g,4g,800mg,181
Sprout,Lunch,Sandwiches,Black Bean Burger Sandwich,Sandwich,23g,13g,55g,8g,1080mg,479
Sprout,Lunch,Sandwiches,Cauliflower Flatbread,2 Cut Portion,41g,2g,29g,7g,1470mg,493
Sprout,Lunch,Sandwiches,Falafel Pita,Sandwich,46g,24g,66g,8g,990mg,774
Sprout,Lunch,Sandwiches,Falafel Wrap,Wrap,45g,24g,67g,5g,1400mg,769
Sprout,Lunch,Sides,Balsamic Maple Brussels Sprouts,5 oz Portion,14g,3g,10g,10g,320mg,178
Sprout,Lunch,Sides,Pita Bread,Portion,2.5g,3g,19g,0g,180mg,110
Sprout,Lunch,Salads,Chickpea Salad,4 Cup Portion,7g,3g,11g,2g,270mg,119
Sprout,Lunch,Salads,Cilantro Hummus,2 Cup Serving,4.5g,5g,14g,2g,510mg,116
Sprout,Lunch,Salads,Dolmas,3 Piece Serving,5g,14g,11g,6g,280mg,145
Sprout,Lunch,Salads,Orzo Salad,4 Cup Portion,7g,12g,66g,4g,910mg,375
Sprout,Lunch,Salads,Quinoa Salad,4 oz Portion,13g,2g,6g,6g,580mg,149
Sprout,Lunch,Salads,Roasted Beet Salad,1 Cup Portion,3.5g,2g,14g,11g,105mg,96
Sprout,Lunch,Salads,Roasted Cauliflower Salad,Cup Portion,1g,3g,6g,3g,50mg,45
Sprout,Lunch,Salads,Smoked Sweet Potato Salad,4 oz Portion,5g,3g,30g,11g,160mg,177
Sprout,Lunch,Salads,Spicy Hummus,2 Cup Portion,4g,4g,13g,2g,510mg,104
The Farmstead,Lunch,None,Potatoes Au Gratin,5.2 oz Portion,11g,10g,108g,10g,3270mg,571
The Farmstead,Lunch,Carving Station,Herb Roasted Chicken,4 Chicken Portion,42g,66g,0g,7g,250mg,642
The Farmstead,Lunch,Entree,Atlantic Blackened Salmon Fillets,5.5 oz Portion,14g,39g,0g,0g,680mg,282
The Farmstead,Lunch,Entree,Bratwurst with Peppers and Onions,8 oz Portion,27g,12g,11g,6g,1090mg,335
The Farmstead,Lunch,Entree,Honey Garlic Chicken,4 oz Portion,6g,19g,35g,32g,95mg,270
The Farmstead,Lunch,Entree,Tangy Bourbon Chicken,8.7 oz Portion,20g,61g,23g,17g,650mg,516
The Farmstead,Lunch,Sandwiches,Bratwurst with Onion and Pepper Sandwich,Sandwich,32g,23g,61g,10g,2360mg,624
The Farmstead,Lunch,Sandwiches,Chicken Caesar Salad Wrap,Wrap,33g,43g,50g,4g,2260mg,669
The Farmstead,Lunch,Sandwiches,Farmstead Chicken Shawarma Wrap,Sandwich,56g,36g,46g,2g,2220mg,832
The Farmstead,Lunch,Sandwiches,Farmstead Lamb Gyro,Sandwich,38g,24g,45g,5g,1380mg,618
The Farmstead,Lunch,Sandwiches,Ham and Cheddar Sandwich,Sandwich,31g,31g,43g,6g,1860mg,575
The Farmstead,Lunch,Sandwiches,Kobe Beef Sliders,Sandwich,7g,6g,21g,3g,340mg,171
The Farmstead,Lunch,Sandwiches,Salmon Burger with Bun,Sandwich,11g,16g,40g,7g,650mg,323
The Farmstead,Lunch,Sandwiches,Turkey and Swiss Sandwich,Sandwich,46g,37g,58g,15g,890mg,794
The Farmstead,Lunch,Sandwiches,Turkey Avocado Sandwich,Sandwich,31g,37g,34g,14g,1060mg,563
The Farmstead,Lunch,Sides,Green Beans,3.5 oz Portion,0g,2g,8g,3g,3730mg,40
The Farmstead,Lunch,Sides,Macaroni and Cheese,6.5 oz Portion,47g,22g,68g,3g,630mg,783
The Farmstead,Lunch,Sides,Roasted Red Bliss Potatoes,6 oz Portion,4g,3g,34g,1g,390mg,184
The Farmstead,Lunch,Sides,Roasted Sweet Potatoes,4.5 oz Portion,1g,2g,26g,8g,210mg,121
The Farmstead,Lunch,Sides,White Rice,3.5 oz Portion,4g,1g,10g,3g,470mg,80
The Farmstead,Lunch,Salad Dressing,Balsamic Vinaigrette,2 oz Portion,23g,0g,4g,4g,430mg,223
The Farmstead,Lunch,Salad Dressing,Balsamic Vinegar,5 oz Portion,0g,0g,2g,2g,0mg,8
The Farmstead,Lunch,Salad Dressing,Creamy Caesar Dressing,2 oz Portion,28g,2g,0g,0g,490mg,260
The Farmstead,Lunch,Salad Dressing,Creamy Italian Dressing,2 oz Portion,27g,0g,2g,2g,700mg,251
The Farmstead,Lunch,Salad Dressing,Lemon Juice,1 oz Portion,0g,0g,0g,0g,0mg,0
The Farmstead,Lunch,Salad Dressing,Olive Oil Blend,75 oz Portion,21g,0g,0g,0g,0mg,189
The Farmstead,Lunch,Salad Dressing,Ranch Dressing,2 oz Portion,24g,0g,2g,0g,380mg,224
The Farmstead,Lunch,Salad Dressing,Raspberry Vinaigrette,2 oz Portion,0g,0g,87g,53g,1000mg,348
Twinnie's,Breakfast,Breakfast Sandwiches and Biscuit Sandwiches,Chicken Egg and Cheese Biscuit,Sandwich,31g,28g,32g,3g,1130mg,519
Twinnie's,Breakfast,Breakfast Sandwiches and Biscuit Sandwiches,Egg and Cheese Biscuit,Sandwich,20g,12g,21g,3g,760mg,312
Twinnie's,Breakfast,Breakfast Sandwiches and Biscuit Sandwiches,Egg Ham Cheddar Cheese Croissant,Sandwich,34g,24g,39g,8g,1240mg,558
Twinnie's,Breakfast,Breakfast Sandwiches and Biscuit Sandwiches,Sausage Egg and Cheese Biscuit,Sandwich,36g,18g,21g,3g,1040mg,480
Twinnie's,Breakfast,Breakfast Sandwiches and Biscuit Sandwiches,Sausage Egg Biscuit,Sandwich,29g,13g,21g,3g,900mg,397
Twinnie's,Breakfast,Made To Order Omelet Base,Plain Omelet,Omelet,27g,18g,1g,0g,450mg,319
Twinnie's,Breakfast,Sides,Home Fries,Portion,7g,3g,22g,3g,300mg,163
Twinnie's,Breakfast,Bakery,Blueberry Muffin,Muffin,14g,4g,33g,18g,240mg,274
Twinnie's,Breakfast,Bakery,Chocolate Chip Muffin,Muffin,20g,5g,44g,26g,200mg,376
Twinnie's,Breakfast,Bakery,Cranberry Orange Muffin,Muffin,16g,3g,36g,19g,270mg,300
Twinnie's,Drink,Hot Beverages,Apple Cider,16 oz,0g,0g,71g,71g,55mg,284
Twinnie's,Drink,Hot Beverages,Caramel Macchiato 2% Milk,20 oz,12g,19g,48g,48g,280mg,376
Twinnie's,Drink,Hot Beverages,Caramel Macchiato Oat Milk,20 oz,17g,2g,53g,26g,250mg,373
Twinnie's,Drink,Hot Beverages,Caramel Macchiato Whole Milk,16 oz,15g,15g,36g,16g,220mg,339
Twinnie's,Drink,Hot Beverages,Macchiato 2% Milk,3 oz,1g,2g,3g,3g,30mg,29
Twinnie's,Drink,Hot Beverages,Macchiato Oat Milk,3 oz,1.5g,0g,3g,16g,25mg,26
Twinnie's,Drink,Hot Beverages,Macchiato Whole Milk,3 oz,2g,2g,2g,0g,30mg,34
Twinnie's,Drink,Hot Beverages,Steamer 2% Milk,20 oz,12g,20g,30g,30g,300mg,308
Twinnie's,Drink,Hot Beverages,Steamer Oat Milk,16 oz,14g,2g,29g,6g,210mg,250
Twinnie's,Drink,Hot Beverages,Steamer Whole Milk,16 oz,15g,15g,21g,0g,230mg,279
Twinnie's,Any,Soups,Chicken Noodle Soup,8 oz Portion,5g,12g,18g,4g,1810mg,165
Twinnie's,Any,Soups,Clam Chowder,12 oz Portion,6g,9g,44g,3g,1920mg,266
Twinnie's,Any,Soups,Tomato Basil Soup,12 oz Portion,31g,6g,28g,22g,1210mg,415
Twinnie's,Any,Grilled Sandwiches,Caprese Sandwich,Sandwich,31g,30g,54g,3g,4100mg,615
Twinnie's,Any,Grilled Sandwiches,Chicken Pita,Sandwich,33g,25g,52g,12g,910mg,605
Twinnie's,Any,Grilled Sandwiches,Cuban Sandwich,Sandwich,34g,30g,49g,3g,1920mg,622
Twinnie's,Any,Grilled Sandwiches,Roast Beef Sandwich,Sandwich,47g,37g,62g,11g,2150mg,819
Twinnie's,Any,Grilled Sandwiches,Turkey Avocado Bacon Sandwich,Sandwich,48g,26g,62g,3g,2320mg,784
Twinnie's,Any,Grilled Sandwiches,Turkey Club on PIta,Sandwich,21g,32g,44g,5g,1330mg,493
Twinnie's,Any,Grilled Sandwiches,Veggie Panini,Sandwich,40g,14g,49g,8g,790mg,612
Twinnie's,Any,Grab N Go,Cheese Tortellini,Bowl,60g,38g,102g,7g,1700mg,1100
Twinnie's,Any,Grab N Go,Chef Salad,Salad,28g,56g,21g,12g,1990mg,560
Twinnie's,Any,Grab N Go,Chicken Caesar Salad,Salad,16g,40g,33g,5g,1070mg,436
Twinnie's,Any,Grab N Go,Cobb Salad,Salad,51g,110g,21g,6g,1650mg,983
Twinnie's,Any,Grab N Go,Fresh Fruit Salad,Container,0g,3g,39g,36g,50mg,168
Twinnie's,Any,Grab N Go,Grilled Salmon Bowl,Bowl,41g,40g,61g,18g,1570mg,773
Twinnie's,Any,Grab N Go,Ham and Swiss Sandwich,Sandwich,17g,33g,44g,7g,1500mg,461
Twinnie's,Any,Grab N Go,Hummus and Pita,Container,9g,13g,57g,5g,1580mg,361
Twinnie's,Any,Grab N Go,Quinoa Salad Bowl,Bowl,17g,10g,87g,41g,720mg,541
Twinnie's,Any,Grab N Go,Santa Fe Bowl,Bowl,22g,33g,57g,14g,2020mg,558
Twinnie's,Any,Grab N Go,Spinach Salad,Bowl,1g,10g,33g,18g,230mg,181
Twinnie's,Any,Grab N Go,Tuna Over Tomato,5.3 oz Portion,22g,14g,10g,5g,730mg,294
Twinnie's,Any,Grab N Go,Turkey and Provolone Sandwich,Sandwich,11g,29g,35g,5g,1310mg,355
Saladalia @ The Perk,Breakfast,Sides,Granola Parfait,Parfait,4g,25g,77g,51g,105mg,444
Saladalia @ The Perk,Breakfast,Sides,Organic Oatmeal,2.3 oz Portion,4.5g,9g,44g,3g,0mg,252
Saladalia @ The Perk,Breakfast,Sides,Raisins,1.5 oz Portion,0g,1g,34g,25g,5mg,140
Saladalia @ The Perk,Any,Salads and Bowls,Greek Salad,Salad,75g,9g,27g,8g,1820mg,819
Saladalia @ The Perk,Any,Salads and Bowls,Salmon Bowl,Bowl,44g,40g,39g,16g,770mg,712
Saladalia @ The Perk,Any,Salads and Bowls,Salmon Garden Salad,Salad,41g,28g,27g,7g,690mg,589
Saladalia @ The Perk,Any,Salads and Bowls,Southwest Chicken Bowl,Bowl,51g,46g,72g,5g,1120mg,931
Saladalia @ The Perk,Any,Salads and Bowls,Vegan Buddah Bowl,Bowl,37g,24g,90g,11g,1060mg,789
Saladalia @ The Perk,Any,Heat and Eat,Classic Lasagna,Portion,38g,40g,32g,4g,970mg,630
Saladalia @ The Perk,Any,Heat and Eat,Gourmet Mac N Cheese,10 oz Portion,27g,18g,49g,5g,640mg,511
Saladalia @ The Perk,Any,Sides,Apple Moroccan Couscous,8 oz Portion,17g,3g,32g,15g,15mg,293
Saladalia @ The Perk,Any,Sides,Chicken Salad Snack Box,16 oz Portion,42g,33g,66g,9g,990mg,774
Saladalia @ The Perk,Any,Sides,Farm Fresh Eggs,2 Egg Portion,10g,11g,1g,1g,115mg,138
Saladalia @ The Perk,Any,Sides,Feta Cilantro Bowtie Salad,6 oz Portion,21g,12g,73g,4g,200mg,529
Saladalia @ The Perk,Any,Sides,Fruit Cup,8 oz Portion,0g,2g,24g,21g,25mg,104
Saladalia @ The Perk,Any,Sides,Garbanzo Greek Salad,5 oz Portion,13g,5g,14g,2g,450mg,193
Saladalia @ The Perk,Any,Sides,Mediterranean Snack Box,15 oz Portion,38g,19g,58g,8g,1860mg,650
Saladalia @ The Perk,Any,Sides,Penne Pesto Salad,5 oz Portion,9g,9g,36g,3g,660mg,261
Saladalia @ The Perk,Any,Sides,Pita Crisps,5.7 oz Portion,45g,8g,45g,0g,1990mg,617
Saladalia @ The Perk,Any,Sides,Strawberry Fruit Cup,Container,0g,1g,13g,9g,0mg,56
Saladalia @ The Perk,Any,"Sandwiches, Wraps and More",Bacon Egg and Cheese Croissant,Sandwich,58g,44g,33g,6g,1480mg,830
Saladalia @ The Perk,Any,"Sandwiches, Wraps and More",Buffalo Chicken Pita,Pita,25g,26g,83g,5g,2020mg,661
Saladalia @ The Perk,Any,"Sandwiches, Wraps and More",Chicken Arugula Sandwich,Sandwich,42g,39g,51g,10g,1040mg,738
Saladalia @ The Perk,Any,"Sandwiches, Wraps and More",Chicken Pesto Panini,Sandwich,25g,49g,97g,1g,1160mg,809
Saladalia @ The Perk,Any,"Sandwiches, Wraps and More",Chicken Salad Brioche,Sandwich,52g,28g,49g,42g,840mg,776
Saladalia @ The Perk,Any,"Sandwiches, Wraps and More",Chicken Salad Croissant,Sandwich,61g,30g,34g,7g,670mg,805
Saladalia @ The Perk,Any,"Sandwiches, Wraps and More",Chicken Shawarma,Portion,69g,40g,46g,5g,1510mg,965
Saladalia @ The Perk,Any,"Sandwiches, Wraps and More",Falafel on Pita,Pita,25g,22g,68g,8g,1120mg,585
Saladalia @ The Perk,Any,"Sandwiches, Wraps and More",Fried Chicken Pimiento Cheese Panini,Sandwich,34g,34g,60g,4g,1590mg,682
Saladalia @ The Perk,Any,"Sandwiches, Wraps and More",Greek Scrambler,Burrito,35g,30g,50g,2g,1240mg,635
Saladalia @ The Perk,Any,"Sandwiches, Wraps and More",Hummus Veggie Wrap,Wrap,20g,14g,66g,3g,1240mg,500
Saladalia @ The Perk,Any,"Sandwiches, Wraps and More",Southwest Chicken Wrap,Wrap,59g,42g,67g,6g,1450mg,967
Saladalia @ The Perk,Any,"Sandwiches, Wraps and More",Southwest Turkey Wrap,Wrap,57g,42g,65g,6g,1810mg,941
Saladalia @ The Perk,Any,"Sandwiches, Wraps and More",Egg and Cheese Croissant,Sandwich,26g,15g,31g,6g,340mg,418
Saladalia @ The Perk,Any,Pastries All Day,Black and White Cookie,Cookie,21g,3g,44g,33g,210mg,377
Saladalia @ The Perk,Any,Pastries All Day,Cheesecake Brownie,Portion,34g,7g,68g,89g,190mg,606
Saladalia @ The Perk,Any,Pastries All Day,Chocolate Chip Cookie,Cookie,10g,4g,48g,39g,160mg,298
Saladalia @ The Perk,Any,Pastries All Day,Lemon Bar,Bar,22g,6g,90g,70g,55mg,582
Saladalia @ The Perk,Any,Pastries All Day,Lemon Pound Cake,Slice,10g,4g,89g,74g,100mg,462
Saladalia @ The Perk,Any,Pastries All Day,Oatmeal Raisin Cookies,Cookie,1.5g,6g,68g,64g,35mg,310
Saladalia @ The Perk,Any,Pastries All Day,Pumpkin Sweet Bread,Slice,19g,6g,82g,102g,170mg,523
Saladalia @ The Perk,Any,Pastries All Day,Shortdough Cookie,Cookie,9g,3g,24g,9g,5mg,189
Saladalia @ The Perk,Any,Pastries All Day,Cheese Danish,Danish,27g,6g,42g,13g,220mg,435
Saladalia @ The Perk,Any,Pastries All Day,Chocolate Croissant,Croissant,24g,7g,53g,10g,240mg,456
Saladalia @ The Perk,Any,Pastries All Day,Plain Croissant,Croissant,16g,5g,36g,7g,170mg,308
Saladalia @ The Perk,Drink,Smoothies and Fresh Juices,Green Monster,12 oz,0g,3g,32g,28g,250mg,140
Saladalia @ The Perk,Drink,Smoothies and Fresh Juices,Healthy Boost,12 oz,0g,1g,33g,30g,85mg,136
Saladalia @ The Perk,Drink,Smoothies and Fresh Juices,Mango Smoothie,Large,1g,3g,128g,135g,20mg,533
Saladalia @ The Perk,Drink,Smoothies and Fresh Juices,Strawberry Smoothie,Large,0g,3g,92g,90g,15mg,380
Saladalia @ The Perk,Drink,Coffee and Tea,Brewed Coffee,LargeSmall,0g,0g,0g,0g,10mg,0
Saladalia @ The Perk,Drink,Coffee and Tea,Cold Brew,LargeSmall,0g,0g,0g,0g,10mg,0
Saladalia @ The Perk,Drink,Coffee and Tea,Vietnamese Iced Coffee Oat Milk,SmallLarge,10g,11g,73g,66g,210mg,426
Saladalia @ The Perk,Drink,Coffee and Tea,Vietnamese Iced Coffee Skim Milk,LargeSmall,14g,23g,102g,101g,340mg,626
Saladalia @ The Perk,Drink,Coffee and Tea,Vietnamese Iced Coffee Whole Milk,LargeSmall,25g,23g,103g,100g,380mg,729
Saladalia @ The Perk,Drink,Coffee and Tea,Hot Chocolate Oat Milk,Small,4.5g,6g,52g,38g,150mg,272
Saladalia @ The Perk,Drink,Coffee and Tea,Hot Chocolate Skim Milk,Small,2g,11g,34g,31g,140mg,198
Saladalia @ The Perk,Drink,Coffee and Tea,Hot Chocolate Whole Milk,Small,14g,11g,73g,63g,160mg,462
Saladalia @ The Perk,Drink,Coffee and Tea,Organic Earl Grey Tea,Cup,0g,0g,0g,0g,0mg,0
Saladalia @ The Perk,Drink,Lattes and Cappuccinos,Caramel Leche Oat Milk,LargeSmall,6g,10g,121g,104g,440mg,578
Saladalia @ The Perk,Drink,Lattes and Cappuccinos,Caramel Leche Skim Milk,LargeSmall,2.5g,16g,92g,89g,400mg,454
Saladalia @ The Perk,Drink,Lattes and Cappuccinos,Caramel Leche Whole Milk,SmallLarge,10g,10g,55g,53g,260mg,350
Saladalia @ The Perk,Drink,Lattes and Cappuccinos,Iced Cafe Latte Oat Milk,LargeSmall,4g,8g,51g,34g,210mg,272
Saladalia @ The Perk,Drink,Lattes and Cappuccinos,Iced Cafe Latte Skim Milk,LargeSmall,0g,16g,23g,23g,200mg,156
Saladalia @ The Perk,Drink,Lattes and Cappuccinos,Iced Cafe Latte Whole Milk,LargeSmall,16g,16g,24g,22g,240mg,304
Saladalia @ The Perk,Drink,Lattes and Cappuccinos,Iced Caramel Leche Oat Milk,SmallLarge,3.5g,5g,72g,63g,260mg,340
Saladalia @ The Perk,Drink,Lattes and Cappuccinos,Iced Caramel Leche Skim Milk,SmallLarge,2g,9g,59g,57g,250mg,290
Saladalia @ The Perk,Drink,Lattes and Cappuccinos,Iced Caramel Leche Whole Milk,LargeSmall,15g,15g,99g,94g,450mg,591
Saladalia @ The Perk,Drink,Lattes and Cappuccinos,Iced Cappuccino Oat Milk,LargeMedium,4g,8g,51g,35g,210mg,272
Saladalia @ The Perk,Drink,Lattes and Cappuccinos,Iced Cappuccino Whole Milk,MediumLarge,13g,13g,19g,18g,190mg,245
Saladalia @ The Perk,Drink,Lattes and Cappuccinos,Cappuccino Whole Milk,LargeSmall,24g,24g,36g,33g,360mg,456
Saladalia @ The Perk,Drink,Lattes and Cappuccinos,Green Matcha Latte Oat Milk,LargeSmall,4g,8g,154g,138g,510mg,684
Saladalia @ The Perk,Drink,Lattes and Cappuccinos,Iced Green Matcha Latte Oat Milk,SmallLarge,3g,6g,39g,27g,160mg,207
Saladalia @ The Perk,Drink,Lattes and Cappuccinos,Iced Masala Chai Latte Oat Milk,LargeSmall,2g,4g,54g,47g,95mg,250
Saladalia @ The Perk,Drink,Lattes and Cappuccinos,Iced Masala Chai Latte Skim Milk,LargeSmall,0g,11g,38g,38g,130mg,196
Saladalia @ The Perk,Drink,Lattes and Cappuccinos,Iced Masala Chai Latte Whole Milk,SmallLarge,7g,7g,23g,22g,100mg,183
Saladalia @ The Perk,Drink,Lattes and Cappuccinos,Iced Mocha Latte Oat Milk,LargeSmall,9g,9g,100g,79g,210mg,517
Saladalia @ The Perk,Drink,Lattes and Cappuccinos,Iced Mocha Latte Skim Milk,LargeSmall,6g,15g,78g,69g,200mg,426
Saladalia @ The Perk,Drink,Lattes and Cappuccinos,Iced Mocha Latte Whole Milk,SmallLarge,11g,9g,47g,41g,140mg,323
Saladalia @ The Perk,Drink,Lattes and Cappuccinos,London Fog Oat Milk,LargeSmall,1g,1g,9g,6g,35mg,49
Saladalia @ The Perk,Drink,Lattes and Cappuccinos,London Fog Skim Milk,LargeSmall,0g,12g,17g,18g,140mg,116
Saladalia @ The Perk,Drink,Lattes and Cappuccinos,London Fog Whole Milk,SmallLarge,7g,7g,11g,10g,105mg,135
Saladalia @ The Perk,Drink,Lattes and Cappuccinos,Masala Chai Latte Oat Milk,LargeSmall,4.5g,9g,60g,43g,230mg,316
Saladalia @ The Perk,Drink,Lattes and Cappuccinos,Masala Chai Latte Skim Milk,LargeSmall,0g,17g,31g,31g,210mg,192
Saladalia @ The Perk,Drink,Lattes and Cappuccinos,Masala Chai Latte Whole Milk,LargeSmall,17g,17g,32g,30g,260mg,349
Saladalia @ The Perk,Drink,Lattes and Cappuccinos,Mocha Latte Oat Milk,SmallLarge,3g,5g,36g,26g,130mg,191
Saladalia @ The Perk,Drink,Lattes and Cappuccinos,Mocha Latte Skim Milk,LargeSmall,1g,16g,34g,32g,210mg,209
Saladalia @ The Perk,Drink,Lattes and Cappuccinos,Mocha Latte Whole Milk,SmallLarge,10g,10g,21g,19g,150mg,214
Saladalia @ The Perk,Drink,Lattes and Cappuccinos,Green Matcha Latte Skim Milk,LargeSmall,0g,16g,129g,129g,510mg,580
Saladalia @ The Perk,Drink,Lattes and Cappuccinos,Green Matcha Latte Whole Milk,LargeSmall,17g,17g,130g,128g,560mg,741
Saladalia @ The Perk,Drink,Lattes and Cappuccinos,Iced Green Matcha Latte Skim Milk,SmallLarge,0g,11g,19g,20g,150mg,120
Saladalia @ The Perk,Drink,Lattes and Cappuccinos,Iced Green Matcha Latte Whole Milk,SmallLarge,12g,12g,20g,19g,180mg,236
Saladalia @ The Perk,Drink,Frappes,Caramel Frappe Oat Milk,Large,19g,7g,80g,84g,290mg,519
Saladalia @ The Perk,Drink,Frappes,Caramel Frappe Skim Milk,Large,18g,9g,73g,81g,280mg,490
Saladalia @ The Perk,Drink,Frappes,Caramel Frappe Soy Milk,Large,20g,9g,71g,78g,280mg,500
Saladalia @ The Perk,Drink,Frappes,Caramel Frappe Whole Milk,Large,22g,9g,73g,81g,290mg,526
Saladalia @ The Perk,Drink,Frappes,Chai Frappe Oat Milk,Large,18g,7g,50g,53g,180mg,390
Saladalia @ The Perk,Drink,Frappes,Chai Frappe Skim Milk,Large,17g,9g,40g,49g,170mg,349
Saladalia @ The Perk,Drink,Frappes,Chai Frappe Soy Milk,Large,20g,9g,37g,45g,160mg,364
Saladalia @ The Perk,Drink,Frappes,Chai Frappe Whole Milk,Large,22g,10g,40g,49g,190mg,398
Saladalia @ The Perk,Drink,Frappes,Matcha Frappe Oat Milk,Large,19g,9g,74g,74g,280mg,503
Saladalia @ The Perk,Drink,Frappes,Matcha Frappe Skim Milk,Large,17g,13g,57g,67g,270mg,433
Saladalia @ The Perk,Drink,Frappes,Matcha Frappe Soy Milk,Large,22g,13g,54g,60g,250mg,466
Saladalia @ The Perk,Drink,Frappes,Matcha Frappe Whole Milk,Large,26g,13g,58g,66g,300mg,518
Saladalia @ The Perk,Drink,Frappes,Mocha Frappe Skim Milk,Large,20g,9g,63g,67g,170mg,468
Saladalia @ The Perk,Drink,Frappes,Mocha Frappe Soy Milk,Large,22g,9g,61g,65g,160mg,478
Saladalia @ The Perk,Drink,Frappes,Mocha Frappe Oat Milk,Large,21g,7g,69g,70g,170mg,493
Saladalia @ The Perk,Drink,Frappes,Mocha Frappe Whole Milk,Large,24g,9g,63g,67g,180mg,504
Saladalia @ The Perk,Drink,Frappes,Vanilla Frappe Skim Milk,Large,16g,7g,71g,81g,150mg,456
Saladalia @ The Perk,Drink,Frappes,Vanilla Frappe Soy Milk,Large,19g,7g,70g,78g,140mg,479
Saladalia @ The Perk,Drink,Frappes,Vanilla Frappe Oat Milk,Large,17g,6g,78g,83g,150mg,489
Saladalia @ The Perk,Drink,Frappes,Vanilla Frappe Whole Milk,Large,27g,8g,74g,82g,170mg,571
Sanford Deli,Breakfast,Egg Bites,Bacon Swiss and Arugula Egg Bite,2.7 oz Portion,14g,9g,2g,0g,390mg,170
Sanford Deli,Breakfast,Egg Bites,Spinach Feta Roasted Red Pepper Egg Bite,2.9 oz Portion,13g,7g,2g,0g,400mg,153
Sanford Deli,Any,Paninis,Chicken Parmesan Panini,Sandwich,22g,48g,88g,4g,1380mg,742
Sanford Deli,Any,Paninis,French Beef Panini,Sandwich,33g,51g,72g,4g,1410mg,789
Sanford Deli,Any,Paninis,Grilled Ratatouille Panini,Sandwich,27g,27g,109g,6g,1050mg,787
Sanford Deli,Any,Paninis,The Toscana,Sandwich,59g,37g,69g,3g,1980mg,955
Sanford Deli,Any,Heat and Eat,Tomato Basil Bisque,7 oz Portion,10g,3g,12g,5g,780mg,150
Sanford Deli,Any,Pastries All Day,Fudge Brownie,Brownie,20g,6g,56g,75g,110mg,428
Sanford Deli,Drink,Coffee and Tea,Cafe Latte Low Fat Milk,SmallLarge,0g,12g,17g,18g,150mg,116
Sanford Deli,Drink,Coffee and Tea,Cafe Latte Oat Milk,SmallLarge,3g,6g,35g,24g,150mg,191
Sanford Deli,Drink,Coffee and Tea,Cafe Latte Whole Milk,SmallLarge,12g,12g,18g,16g,180mg,228
Sanford Deli,Drink,Coffee and Tea,Iced Turmeric Ginger Chai Oat Milk,SmallLarge,1.5g,3g,42g,34g,85mg,194
Sanford Deli,Drink,Coffee and Tea,Iced Turmeric Ginger Chai Skim Milk,LargeSmall,0g,11g,51g,49g,135mg,248
Sanford Deli,Drink,Coffee and Tea,Iced Turmeric Ginger Chai Whole Milk,SmallLarge,7g,7g,31g,29g,100mg,215
Sanford Deli,Drink,Coffee and Tea,Turmeric Ginger Chai Oat Milk,LargeSmall,3.5g,7g,68g,53g,170mg,332
Sanford Deli,Drink,Coffee and Tea,Turmeric Ginger Chai Whole Milk,Small,8g,8g,28g,26g,120mg,216
Sanford Deli,Drink,Lattes and Cappuccinos,Chai Latte Oat Milk,LargeSmall,4.5g,9g,60g,43g,230mg,316
Sanford Deli,Drink,Lattes and Cappuccinos,Chai Latte Skim Milk,SmallLarge,0g,10g,18g,18g,130mg,112
Sanford Deli,Drink,Lattes and Cappuccinos,Chai Latte Whole Milk,LargeSmall,17g,17g,32g,30g,260mg,349
Red Mango,Any,"Sandwich, Wrap or Flatbread (Choose Your Bread)",Bread Sourdough,2 Slice Portion,4g,13g,75g,3g,780mg,388
Red Mango,Any,"Sandwich, Wrap or Flatbread (Choose Your Bread)",Gluten Free Multi-Grain Bread,2 Slice Portion,2.5g,3g,56g,6g,340mg,258
Red Mango,Any,"Sandwich, Wrap or Flatbread (Choose Your Bread)",Naan,Naan,4.5g,8g,40g,3g,310mg,232
Red Mango,Any,"Sandwich, Wrap or Flatbread (Choose Your Bread)",Flour Tortilla,Tortilla,5g,6g,33g,0g,390mg,201
Red Mango,Any,"Sandwich, Wrap or Flatbread (Choose Your Bread)",Gluten Free Tortilla,Tortilla,4.5g,2g,27g,4g,350mg,156
Red Mango,Any,"Sandwich, Wrap or Flatbread (Choose Your Bread)",Whole Wheat Tortilla,Tortilla,4.5g,5g,27g,3g,260mg,168
Red Mango,Any,"Sandwich, Wrap or Flatbread (Choose Your Bread)",Sub Roll,Roll,1.5g,9g,48g,2g,480mg,242
Red Mango,Any,Power Bowls,Berries and Acai Bowl,Bowl,5g,3g,48g,26g,30mg,249
Red Mango,Any,Power Bowls,The Pink Bowl,Bowl,6g,9g,109g,51g,105mg,526
Red Mango,Any,Power Bowls,Choc-Nut Dream Bowl,Bowl,19g,9g,95g,49g,150mg,587
Red Mango,Any,Power Bowls,PB Power Bowl,Bowl,25g,15g,83g,36g,280mg,617
Red Mango,Any,Power Bowls,Red White and Blue Bowl,Bowl,10g,5g,79g,59g,60mg,426
Red Mango,Any,Grab and Go,Chocolate Chip Power Bites,Serving,24g,17g,59g,32g,180mg,520
Red Mango,Any,Grab and Go,Double Chocolate Power Bites,Serving,25g,17g,69g,40g,180mg,569
Red Mango,Any,Grab and Go,Yogurt Parfait w/ Blueberry & Strawberry,Parfait,4g,9g,62g,36g,140mg,320
Red Mango,Any,Grab and Go,Turkey and Provolone Wrap,Sandwich,29g,37g,41g,3g,1860mg,573
Red Mango,Any,Grab and Go,Overnight Yoats with Blueberries,12 oz Portion,11g,20g,114g,16g,35mg,635
Red Mango,Any,Grab and Go,Coconut Chia Pudding Parfait,Parfait,10g,5g,32g,19g,70mg,238
Red Mango,Drink,Protein Smoothies,Banana PB Protein Smoothie,16 oz,22g,24g,101g,54g,520mg,698
Red Mango,Drink,Protein Smoothies,Berry Power Protein Smoothie,16 oz,26g,25g,76g,50g,520mg,638
Red Mango,Drink,Protein Smoothies,Mango Metabolizer Smoothie,16 oz,1.5g,11g,48g,34g,55mg,250
Red Mango,Drink,Protein Smoothies,Skinny Strawberry Smoothie,16 oz,1.5g,11g,52g,37g,50mg,266
Red Mango,Drink,Protein Smoothies,PB & J Smoothie,24 oz,25g,43g,100g,66g,720mg,797
Red Mango,Drink,Protein Smoothies,Super Peanut Butter Cup Smoothie,24 oz,12g,18g,143g,20g,240mg,752
Red Mango,Drink,Protein Smoothies,Honey Badger Smoothie,24 oz,7g,35g,158g,99g,590mg,835
Red Mango,Drink,Protein Smoothies,Mighty Oat Smoothie,16 oz,38g,29g,43g,6g,280mg,630
Red Mango,Drink,Green Smoothies,Citrus Mango Greens Smoothie,24 oz,1g,3g,68g,42g,75mg,293
Red Mango,Drink,Fruit and Yogurt Smoothies,Berry Banana Smoothie,24 oz,1g,6g,98g,74g,320mg,425
Red Mango,Drink,Fruit and Yogurt Smoothies,Strawberry Banana Smoothie,16 oz,0g,4g,69g,53g,210mg,292
Red Mango,Drink,Fruit and Yogurt Smoothies,Tropical Mango Smoothie,16 oz,0g,4g,57g,54g,200mg,244
Red Mango,Drink,Fruit and Yogurt Smoothies,Pina Colada Smoothie,24 oz,17g,12g,131g,119g,440mg,725
Tandoor Indian Cuisine,Lunch,Meat Dishes,Chicken 65,4.3 oz Portion,3g,25g,15g,2g,730mg,187
Tandoor Indian Cuisine,Lunch,Meat Dishes,Chicken Tikka Masala,6 oz Portion,13g,17g,13g,6g,1440mg,237
Tandoor Indian Cuisine,Lunch,Meat Dishes,Fish Malabar Contains Coconut,5.6 oz Portion,20g,21g,6g,1g,1040mg,288
Tandoor Indian Cuisine,Lunch,Vegetarian Dishes,Chana Masala,5 oz Portion,6g,5g,16g,1g,1300mg,138
Tandoor Indian Cuisine,Lunch,Vegetarian Dishes,Paneer Makhani,6 oz Ladle Portion,33g,18g,11g,6g,1050mg,413
Tandoor Indian Cuisine,Lunch,Vegetarian Dishes,Saag (Tempered Spinach),5 oz Portion,4.5g,6g,10g,2g,1430mg,104
Tandoor Indian Cuisine,Lunch,Vegetarian Dishes,Curry Egg,5 oz Portion,11g,50g,6g,2g,780mg,323
Tandoor Indian Cuisine,Lunch,Vegetarian Dishes,Veggie Malabar Contains Coconut,5 oz Ladle Portion,13g,3g,11g,3g,720mg,173
Tandoor Indian Cuisine,Lunch,Sides,Basmati Rice,6 oz Portion,0g,7g,84g,0g,0mg,364
Tandoor Indian Cuisine,Lunch,Sides,Vegetable Samosa,Samosa,9g,5g,44g,0g,700mg,277
Tandoor Indian Cuisine,Lunch,Sides,Cabbage Poriyal,6 oz Portion,6g,3g,10g,5g,850mg,106
Tandoor Indian Cuisine,Lunch,Sides,Dal Peas,6 oz Portion,7g,10g,25g,4g,920mg,203
Tandoor Indian Cuisine,Lunch,Dosai,Chicken Tikka Dosa,Dosa,5g,8g,56g,2g,1930mg,301
Tandoor Indian Cuisine,Lunch,Dosai,Masala Dosa,Dosa,3.5g,10g,67g,2g,1000mg,340
Tandoor Indian Cuisine,Lunch,Dosai,Vegetable Dosa,Dosa,7g,5g,27g,3g,1350mg,191
Tandoor Indian Cuisine,Lunch,Coffee and Tea,Tandoor Mango Lassi,12 oz Portion,7g,17g,71g,102g,60mg,415
Il Forno,Any,Pasta Station,Blackened Shrimp Scampi,7.6 oz Portion,19g,22g,11g,3g,4780mg,303
Il Forno,Any,Pasta Station,Braised Italian Beef Pasta,2 Container,10g,16g,49g,3g,360mg,350
Il Forno,Any,Pasta Station,Chicken Alfredo Pasta,2 Container,24g,30g,47g,2g,660mg,524
Il Forno,Any,Pasta Station,Chicken Basil Pesto Pasta,2 Container,20g,26g,48g,2g,460mg,476
Il Forno,Any,Pasta Station,Garden Pesto Pasta,2 Container,10g,10g,45g,3g,290mg,310
Il Forno,Any,Pasta Station,Meatball and Spaghetti Pasta,2 Container,15g,22g,71g,4g,530mg,507
Il Forno,Any,Pasta Station,Parma Rosa Pasta,2 Container,10g,30g,49g,6g,530mg,406
Il Forno,Any,Pasta Station,Salmon Alfredo Pasta,2 Container,16g,26g,43g,1g,280mg,420
Il Forno,Any,Pasta Station,Spicy IL Forno Pasta,2 Container,12g,17g,51g,7g,670mg,380
Il Forno,Any,Personal Artisan Pizza,Blaise Pizza,Pizza,25g,43g,154g,33g,2660mg,1013
Il Forno,Any,Personal Artisan Pizza,Bruschetta Pizza,Pizza,34g,38g,134g,17g,1730mg,994
Il Forno,Any,Personal Artisan Pizza,Buffalo Chicken Pizza,Pizza,67g,63g,150g,16g,3450mg,1455
Il Forno,Any,Personal Artisan Pizza,Cheese Pizza,Pizza,28g,41g,139g,21g,2420mg,972
Il Forno,Any,Personal Artisan Pizza,Four Cheese Pizza,Pizza,45g,56g,138g,19g,2650mg,1181
Il Forno,Any,Personal Artisan Pizza,Harvest Pizza,Pizza,26g,35g,139g,19g,2580mg,930
Il Forno,Any,Personal Artisan Pizza,Heritage Honey Pizza,Pizza,32g,42g,159g,21g,2470mg,1092
Il Forno,Any,Personal Artisan Pizza,Kyle's BBQ Pizza,Pizza,77g,48g,162g,32g,3850mg,1533
Il Forno,Any,Personal Artisan Pizza,Margherita Pizza,Pizza,36g,34g,132g,16g,2070mg,988
Il Forno,Any,Personal Artisan Pizza,Pepperoni Pizza,Pizza,54g,51g,139g,21g,3370mg,1246
Il Forno,Any,Personal Artisan Pizza,PJ's New Yorker,Pizza,45g,50g,141g,22g,3100mg,1169
Il Forno,Any,Personal Artisan Pizza,Quattro Pizza,Pizza,52g,57g,140g,21g,3390mg,1256
Il Forno,Any,Personal Artisan Pizza,Rustic Pizza,Pizza,54g,71g,157g,25g,4800mg,1398
Il Forno,Any,Personal Artisan Pizza,Stinger Pizza,Pizza,57g,61g,178g,39g,4560mg,1469
Il Forno,Any,Personal Artisan Pizza Gluten Free Crust,Blaise Pizza GFF,Pizza,23g,33g,83g,24g,1950mg,671
Il Forno,Any,Personal Artisan Pizza Gluten Free Crust,Bruschetta Pizza GFF,Pizza,32g,27g,63g,7g,1020mg,648
Il Forno,Any,Personal Artisan Pizza Gluten Free Crust,Buffalo Chicken Pizza GFF,Pizza,63g,49g,61g,5g,2540mg,1007
Il Forno,Any,Personal Artisan Pizza Gluten Free Crust,Cheese Pizza GFF,Pizza,26g,30g,67g,12g,1710mg,622
Il Forno,Any,Personal Artisan Pizza Gluten Free Crust,Four Cheese Pizza GFF,Pizza,43g,45g,66g,10g,1940mg,831
Il Forno,Any,Personal Artisan Pizza Gluten Free Crust,Harvest Pizza GFF,Pizza,24g,25g,68g,10g,1880mg,588
Il Forno,Any,Personal Artisan Pizza Gluten Free Crust,Heritage Honey Pizza GFF,Pizza,44g,36g,65g,9g,2020mg,800
Il Forno,Any,Personal Artisan Pizza Gluten Free Crust,Margherita Pizza GFF,Pizza,34g,23g,60g,7g,1370mg,638
Il Forno,Any,Personal Artisan Pizza Gluten Free Crust,Pepperoni Pizza GFF,Pizza,52g,41g,67g,12g,2660mg,900
Il Forno,Any,Personal Artisan Pizza Gluten Free Crust,PJ's New Yorker Pizza GFF,Pizza,43g,39g,70g,13g,2390mg,823
Il Forno,Any,Personal Artisan Pizza Gluten Free Crust,Rustic Pizza GFF,Pizza,51g,59g,76g,14g,3990mg,999
Il Forno,Any,Personal Artisan Pizza Gluten Free Crust,Stinger Pizza GFF,Pizza,53g,46g,84g,27g,3600mg,997
Il Forno,Any,Pizza by the Slice,Cheese Pizza Slice,Slice,15g,19g,52g,6g,930mg,419
Il Forno,Any,Pizza by the Slice,Pepperoni Pizza Slice,Slice,21g,22g,52g,6g,1170mg,485
Il Forno,Any,Chef Special,Chicken Parmesan,Portion,29g,54g,11g,2g,1560mg,521
Il Forno,Any,Sides,Breadstick,Breadstick,3.5g,3g,18g,2g,210mg,116
Il Forno,Any,Combo Meal Soup,Minestrone Soup,12 oz Portion,1.5g,6g,21g,6g,1100mg,122
Il Forno,Any,Combo Meal Soup,Roasted Red Tomato Soup,12 oz Portion,35g,6g,28g,21g,1190mg,451
Il Forno,Any,Combo Meal Soup,White Bean Chicken Chili,12 oz Portion,1.5g,16g,39g,2g,610mg,234
Il Forno,Any,Combo Meal Soup,Chicken Tortilla Soup,12 oz Portion,2.5g,3g,10g,3g,2160mg,74
Il Forno,Any,Combo Meal Salads,Broccoli Salad,5 oz Portion,12g,8g,22g,9g,290mg,228
Il Forno,Any,Combo Meal Salads,Caprice Salad,5 oz Portion,8g,6g,5g,3g,130mg,116
Il Forno,Any,Combo Meal Salads,Cucumber Tomato Salad,5 oz Portion,1g,1g,5g,2g,120mg,33
Il Forno,Any,Combo Meal Salads,Fajita Salad,Salad,37g,45g,89g,9g,2010mg,869
Il Forno,Any,Combo Meal Salads,Italian Pasta Salad,5 oz Portion,7g,7g,29g,1g,410mg,207
Il Forno,Any,Combo Meal Entrees,Baked Manicotti,2 Pc Portion,17g,20g,21g,5g,970mg,317
Il Forno,Any,Combo Meal Entrees,Baked Ziti,9 oz Portion,18g,17g,39g,3g,650mg,386
Il Forno,Any,Combo Meal Entrees,Chicken Peri,9.5 oz Portion,11g,71g,3g,0g,1270mg,395
Il Forno,Any,Combo Meal Entrees,Chimichanga,Chimichanga,43g,42g,94g,9g,2350mg,931
Il Forno,Any,Combo Meal Entrees,Meat Lasagna,7.4 oz Portion,13g,16g,24g,5g,760mg,277
Il Forno,Any,Combo Meal Entrees,Stuffed Shells,2 Pc Portion,23g,19g,39g,3g,860mg,439
Il Forno,Any,Combo Meal Sides,Black Beans,Taco Portion,0g,4g,11g,0g,630mg,60
Il Forno,Any,Combo Meal Sides,Cilantro Lime Brown Rice,Taco Portion,1g,1g,15g,0g,45mg,73
Il Forno,Any,Combo Meal Sides,Cilantro Lime White Rice,Taco Portion,2g,2g,22g,0g,55mg,114
Il Forno,Any,Combo Meal Sides,Elote (Street Corn),Portion,14g,9g,56g,9g,100mg,386
Il Forno,Any,Combo Meal Sides,Italian Potato Verde,5 oz Portion,3.5g,3g,31g,0g,55mg,168
Il Forno,Any,Combo Meal Tapas,Barbacoa Empanada,Empanada,16g,25g,20g,1g,520mg,324
Il Forno,Any,Combo Meal Tapas,Caprese Panini,Sandwich,13g,16g,45g,3g,590mg,361
Il Forno,Any,Combo Meal Tapas,Carnita Empanada,Empanada,19g,18g,22g,3g,3170mg,331
Il Forno,Any,Combo Meal Tapas,Chicken Empanada,Empanada,17g,25g,18g,3g,460mg,325
Il Forno,Any,Combo Meal Tapas,Italian Panini,Sandwich,41g,30g,49g,3g,2470mg,685
Il Forno,Any,Combo Meal Tapas,Pesto Panini,Sandwich,32g,46g,46g,3g,1170mg,656
Il Forno,Any,Combo Meal Tapas,Portobello Empanada,Empanada,11g,10g,21g,3g,870mg,223
Il Forno,Any,Combo Meal Tapas,Barbacoa Stuffed Arepa,Sandwich,28g,40g,84g,4g,800mg,748
Il Forno,Any,Combo Meal Tapas,Chicken Stuffed Arepa,Sandwich,29g,40g,83g,3g,750mg,753
Il Forno,Any,Combo Meal Tapas,Veggie Stuffed Arepa,Sandwich,25g,29g,82g,3g,590mg,669
Sazon,Any,Choose Protein,Beef Barbacoa,Arepa Bowl PortionQuesadilla PortionTaco PortionBurrito Portion,8g,28g,5g,2g,510mg,204
Sazon,Any,Choose Protein,Chipotle Chicken,Taco PortionArepa Bowl PortionQuesadilla PortionBurrito Portion,9g,29g,3g,1g,400mg,209
Sazon,Any,Choose Protein,Pork Carnitas,Taco PortionArepa Bowl PortionQuesadilla PortionBurrito Portion,13g,14g,9g,1g,4790mg,209
Sazon,Any,Choose Protein,Portobello Mushrooms,Taco PortionArepa Bowl PortionQuesadilla PortionBurrito Portion,0g,1g,5g,1g,730mg,24
Sazon,Any,Choose Protein,Blackened Shrimp,Arepa Bowl PortionQuesadilla PortionBurrito PortionTaco Portion,10g,17g,0g,0g,1420mg,158
Sazon,Any,Choose Protein,Steak,Taco PortionArepa Bowl PortionQuesadilla PortionBurrito Portion,10g,34g,0g,0g,600mg,226
Sazon,Any,Choose Protein,Chorizo,Arepa PortionQuesadilla PortionTaco PortionBurrito Portion,18g,15g,8g,0g,760mg,254
Sazon,Any,Choose Protein,Tofurizo,Arepa PortionBurrito PortionQuesadilla PortionTaco Portion,16g,24g,12g,3g,450mg,288
Sazon,Any,Choose Protein,Hot Honey Chicken,Arepa PortionBurrito PortionTaco PortionQuesadilla Portion,23g,30g,13g,10g,1030mg,379
Sazon,Any,Choose Sides,Chips,Bag,17g,2g,17g,0g,280mg,229
Sazon,Any,Choose Sides,Chips and Salsa,Portion,18g,3g,22g,2g,450mg,262
Sazon,Any,Choose Sides,"Flour Tortilla 6""",Tortilla,4g,4g,24g,0g,280mg,148
Sazon,Any,Choose Sides,Guacamole,6 oz Portion,17g,3g,15g,2g,650mg,225
Sazon,Any,Choose Sides,Horchata,13 oz Portion,7g,5g,90g,73g,180mg,443
Sazon,Any,Choose Sides,Latin Arepa Bowl,Arepa,8g,3g,23g,2g,180mg,176
Sazon,Any,Choose Sides,Maduros (Sweet Plantains),2 Piece Portion,6g,3g,25g,10g,0mg,166
Sazon,Any,Choose Sides,Pico de Gallo,Taco Portion,9g,0g,2g,1g,45mg,89
Sazon,Any,Choose Sides,Queso Dip,Side Portion,15g,9g,8g,4g,980mg,203
Sazon,Any,Choose Sides,Tostones,5 Piece Portion,10g,2g,46g,1g,740mg,282
Sazon,Any,Choose Sides,"White Corn Tortilla 6""",Tortilla,8g,1g,16g,0g,10mg,140
Ginger + Soy,Any,Every Day Poke Bowl (Base - Choose One),Greens,2.2 oz Portion,0g,1g,3g,1g,15mg,16
Ginger + Soy,Any,Every Day Poke Bowl (Base - Choose One),Seasoned Rice,7.5 oz Portion,2g,6g,53g,1g,500mg,254
Ginger + Soy,Any,Make Your Own Rice Bowl (Choose One Protein),Beef Bulgogi,4 oz Portion,17g,31g,13g,10g,580mg,329
Ginger + Soy,Any,Make Your Own Rice Bowl (Choose One Protein),Ginger Chicken,6 oz Portion,5g,41g,41g,29g,590mg,373
Ginger + Soy,Any,Make Your Own Rice Bowl (Choose One Protein),Grilled Teriyaki Chicken,5 oz Portion,16g,41g,0g,16g,70mg,308
Ginger + Soy,Any,Make Your Own Rice Bowl (Choose One Protein),Spicy Pork,4.5 oz Portion,15g,27g,10g,5g,300mg,283
Ginger + Soy,Any,Make Your Own Rice Bowl (Choose One Protein),Teriyaki Tofu,4.5 oz Portion,5g,9g,28g,22g,760mg,193
Ginger + Soy,Any,Make Your Own Rice Bowl (Choose Up to Five Vegetables),Cilantro,1 oz Portion,0g,0g,0g,0g,0mg,0
Ginger + Soy,Any,Make Your Own Rice Bowl (Choose Up to Five Vegetables),Green Onion,2 oz Portion,0g,0g,0g,0g,15mg,0
Ginger + Soy,Any,Make Your Own Rice Bowl (Choose Up to Five Vegetables),Kimchi Slaw,1.5 oz Portion,4g,0g,11g,9g,450mg,80
Ginger + Soy,Any,Make Your Own Rice Bowl (Choose Up to Five Vegetables),Pickled Carrot,1 oz Portion,0g,0g,7g,6g,340mg,28
Ginger + Soy,Any,Make Your Own Rice Bowl (Choose Up to Five Vegetables),Pickled Radish,1 oz Portion,0g,0g,3g,3g,190mg,12
Ginger + Soy,Any,Make Your Own Rice Bowl (Choose Up to Five Vegetables),Seasoned Broccoli,2 oz Portion,2.5g,1g,4g,1g,600mg,42
Ginger + Soy,Any,Make Your Own Rice Bowl (Choose Up to Five Vegetables),Seasoned Corn,1.5 oz Portion,1g,1g,8g,1g,100mg,45
Ginger + Soy,Any,Make Your Own Rice Bowl (Choose Up to Five Vegetables),Shelled Edamame,1 oz Portion,1.5g,4g,3g,0g,0mg,42
Ginger + Soy,Any,Make Your Own Rice Bowl (Choose Up to Five Vegetables),Spicy Cucumber,1.5 oz Portion,0g,0g,1g,1g,25mg,4
Ginger + Soy,Any,Make Your Own Rice Bowl (Choose Up to Five Vegetables),Stir-Fried Cabbage & Red Pepper,1.5 oz Portion,2g,0g,2g,1g,310mg,26
Ginger + Soy,Any,Make Your Own Rice Bowl (Choose Up to Five Vegetables),Stir-Fried Zucchini,2 oz Portion,0g,0g,2g,1g,20mg,8
Ginger + Soy,Any,Make Your Own Rice Bowl (Choose Up to Five Vegetables),Sweet Potato,1.5 oz Portion,3.5g,0g,11g,1g,180mg,76
Ginger + Soy,Any,Pad Thai,Pad Thai,12.5 oz Portion,4g,13g,64g,31g,1780mg,344
Ginger + Soy,Any,Tteokbokki,Tteokbokki,Portion,9g,20g,132g,32g,2740mg,689
Ginger + Soy,Any,Ramen (Base),Spicy Miso Soup,8 oz Ladle,3.5g,1g,6g,3g,880mg,60
Ginger + Soy,Any,Ramen (Base),Tonkotsu Soup,8 oz Ladle,2.5g,2g,3g,2g,1610mg,42
Ginger + Soy,Any,Ramen (Base),Wheat Noodles,6.35 oz Portion,1g,5g,28g,0g,70mg,141
Ginger + Soy,Any,Dumplings & Small Bites,Beef Dumplings,6 Dumplings,12g,10g,29g,2g,400mg,264
Ginger + Soy,Any,Dumplings & Small Bites,Chicken Dumplings,6 Dumplings,12g,11g,21g,2g,470mg,236
Ginger + Soy,Any,Dumplings & Small Bites,Vegetable Dumpling,6 Dumplings,7g,7g,26g,2g,470mg,195
Ginger + Soy,Any,Dumplings & Small Bites,Vegetable Spring Roll,2 Piece Portion,6g,2g,19g,6g,420mg,138
Gyotaku,Any,Starters and Salads,Edamame,5 oz Portion,4.5g,12g,9g,2g,250mg,124
Gyotaku,Any,Starters and Salads,Miso Soup,Cup Portion,1g,2g,3g,0g,900mg,29
Gyotaku,Any,Bubble Tea,Lychee Bubble Tea,16 oz Cup,0g,0g,80g,48g,90mg,320
Gyotaku,Any,Bubble Tea,Mango Bubble Tea,16 oz Cup,0g,0g,82g,44g,70mg,328
Gyotaku,Any,Bubble Tea,Matcha Bubble Tea,16 oz Cup,5g,4g,85g,37g,65mg,401
Gyotaku,Any,Bubble Tea,Milk Bubble Tea,16 oz Cup,6g,1g,86g,63g,310mg,402
Gyotaku,Any,Bubble Tea,Taro Bubble Tea,16 oz Cup,8g,0g,43g,63g,490mg,244
Gyotaku,Any,Salmon & Tuna Tower (Choose Your Protein),Salmon,3 oz Portion,5g,17g,0g,0g,40mg,113
Gyotaku,Any,Salmon & Tuna Tower (Choose Your Protein),Tuna,3 oz Portion,3.5g,17g,0g,0g,30mg,100
Gyotaku,Any,Sashimi & Nigiri,Eel,8 oz Portion,5g,5g,3g,2g,160mg,77
Gyotaku,Any,Sashimi & Nigiri,Eel Nigiri,1.8 oz Portion,5g,6g,11g,2g,290mg,113
Gyotaku,Any,Sashimi & Nigiri,Salmon Nigiri,1.6 oz Portion,4g,12g,14g,2g,380mg,140
Gyotaku,Any,Sashimi & Nigiri,Shrimp Nigiri,1.5 oz Portion,0g,4g,9g,1g,260mg,52
Gyotaku,Any,Sashimi & Nigiri,Shrimp,5 oz Portion,0g,3g,0g,0g,135mg,12
Gyotaku,Any,Sashimi & Nigiri,Tuna Nigiri,1.6 oz Portion,2g,12g,14g,2g,220mg,122
Gyotaku,Any,Sashimi & Nigiri,Yellowtail,0.6 oz Portion,2g,4g,0g,0g,5mg,34
Gyotaku,Any,Sashimi & Nigiri,Yellowtail Nigiri,1.6 oz Portion,3g,5g,7g,2g,110mg,75
Gyotaku,Any,Sushi Rolls,Blossom Roll,Roll,18g,22g,42g,10g,1060mg,418
Gyotaku,Any,Sushi Rolls,California Roll,Roll,9g,7g,37g,6g,660mg,257
Gyotaku,Any,Sushi Rolls,Coco Roll,Roll,15g,17g,39g,8g,990mg,359
Gyotaku,Any,Sushi Rolls,Dancing Eel Roll,Roll,16g,15g,45g,11g,1080mg,384
Gyotaku,Any,Sushi Rolls,Mary Roll,Roll,14g,15g,40g,9g,930mg,346
Gyotaku,Any,Sushi Rolls,Rainbow Roll,Roll,12g,17g,37g,6g,730mg,324
Gyotaku,Any,Sushi Rolls,Red Dragon Roll,Roll,11g,20g,37g,9g,790mg,327
Gyotaku,Any,Sushi Rolls,Fire Cracker Roll,Roll,10g,13g,36g,8g,710mg,286
Gyotaku,Any,Sushi Rolls,Salmon Avocado Roll,Roll,7g,17g,31g,4g,670mg,255
Gyotaku,Any,Sushi Rolls,Salmon Crunch Roll,Roll,14g,19g,35g,8g,750mg,342
Gyotaku,Any,Sushi Rolls,Shrimp Tempura Roll,Roll,16g,10g,42g,9g,870mg,352
Gyotaku,Any,Sushi Rolls,Spicy Tuna Roll,Roll,6g,13g,32g,6g,650mg,234
Gyotaku,Any,Sushi Rolls,Veggie Roll,Roll,2.5g,3g,43g,14g,950mg,206
Gyotaku,Any,Sushi Rolls,White Tiger Roll,Roll,15g,18g,40g,9g,1050mg,367
Gyotaku,Any,Sushi Burrito,Arctic Sushi Burrito,Burrito,10g,14g,49g,11g,1080mg,342
Gyotaku,Any,Sushi Burrito,Atlantic Sushi Burrito,Burrito,13g,16g,49g,13g,1020mg,377
Gyotaku,Any,Sushi Burrito,Pacific Sushi Burrito,Burrito,5g,16g,51g,15g,830mg,313
Gyotaku,Any,Sushi Burrito,Southern Sushi Burrito,Burrito,15g,12g,56g,17g,1200mg,407
Gyotaku,Any,Yubu Sushi,Salmon Yubu Sushi,2.45 oz Portion,9g,7g,12g,3g,340mg,157
Gyotaku,Any,Yubu Sushi,Seaweed Salad Yubu Sushi,2.3 oz Portion,1.5g,3g,13g,3g,440mg,78
Gyotaku,Any,Yubu Sushi,Spicy Tuna Yubu Sushi,2.25 oz Portion,2.5g,6g,13g,5g,270mg,98
Gyotaku,Any,Yubu Sushi,Shrimp Tempura Yubu Sushi,2.4 oz Portion,3.5g,4g,14g,4g,400mg,104
Gyotaku,Any,Sashimi Bowl Dressing,Eel Sauce,3 oz Portion,0g,0g,4g,3g,170mg,16
Gyotaku,Any,Sashimi Bowl Dressing,Ginger Dressing,1 oz Portion,12g,0g,3g,3g,240mg,120
Gyotaku,Any,Sashimi Bowl Dressing,Gochujang Vinaigrette,0.7 oz Portion,0g,0g,10g,4g,460mg,40
Gyotaku,Any,Sashimi Bowl Dressing,Wasabi Dressing,0.7 oz Portion,0g,0g,3g,2g,520mg,12
Gyotaku,Any,Sashimi Bowl Dressing,Yuzu Miso Sauce,0.5 oz Portion,2g,0g,2g,2g,110mg,26
Gyotaku,Any,Make Your Own Roll (Base),Sushi Rice+Nori,3.5 oz Portion,0g,3g,30g,4g,440mg,132
Beyu Blue Coffee,Any,Pastries,Blueberry Danish,Danish,19g,8g,50g,16g,300mg,403
Beyu Blue Coffee,Any,Pastries,Cherry Danish,Danish,12g,6g,64g,29g,310mg,388
Beyu Blue Coffee,Any,Pastries,Croissant,Croissant,20g,8g,44g,5g,480mg,388
Beyu Blue Coffee,Any,Pastries,Orange Cranberry Muffin,Muffin,23g,5g,63g,41g,530mg,479
Beyu Blue Coffee,Drink,Coffee,Au Lait Oat Milk,12 oz,1g,2g,12g,8g,60mg,65
Beyu Blue Coffee,Drink,Coffee,Au Lait Skim Milk,8 oz,0g,2g,3g,3g,35mg,20
Beyu Blue Coffee,Drink,Coffee,Au Lait Whole Milk,16 oz,4.5g,5g,7g,6g,85mg,88
Beyu Blue Coffee,Drink,Coffee,Coffee,16 oz,0g,0g,0g,0g,20mg,0
Beyu Blue Coffee,Drink,Coffee,Mexican Coffee,12 oz,0g,0g,10g,9g,15mg,40
Beyu Blue Coffee,Drink,Iced Coffees,Iced Au Lait Oat Milk,16 oz,1g,2g,14g,10g,65mg,73
Beyu Blue Coffee,Drink,Iced Coffees,Iced Au Lait Skim Milk,24 oz,0g,6g,10g,10g,90mg,64
Beyu Blue Coffee,Drink,Iced Coffees,Iced Au Lait Whole Milk,24 oz,7g,7g,10g,9g,110mg,131
Beyu Blue Coffee,Drink,Iced Coffees,Iced Mexican Coffee,20 oz,0g,0g,17g,15g,20mg,68
Beyu Blue Coffee,Drink,Iced Coffees,NItro Cold Brew,16 oz,0g,0g,0g,0g,20mg,0
Beyu Blue Coffee,Drink,Tea & Not Coffee,Matcha Latte Oat Milk,16 oz,4g,8g,60g,36g,200mg,308
Beyu Blue Coffee,Drink,Tea & Not Coffee,Matcha Latte Skim Milk,16 oz,0g,14g,40g,27g,190mg,216
Beyu Blue Coffee,Drink,Tea & Not Coffee,Matcha Latte Whole Milk,16 oz,15g,15g,40g,26g,230mg,355
Beyu Blue Coffee,Drink,Tea & Not Coffee,Pineapple Smoothie,24 oz,40g,0g,101g,85g,40mg,764
Beyu Blue Coffee,Drink,Tea & Not Coffee,Steamer Skim Milk,8 oz,0g,8g,11g,11g,95mg,76
Beyu Blue Coffee,Drink,Tea & Not Coffee,White Hot Chocolate Oat Milk,16 oz,4g,8g,59g,42g,230mg,304
Beyu Blue Coffee,Drink,Tea & Not Coffee,White Hot Chocolate Skim Milk,20 oz,0g,19g,43g,41g,280mg,248
Beyu Blue Coffee,Drink,Tea & Not Coffee,White Hot Chocolate Whole Milk,8 oz,8g,8g,17g,15g,130mg,172
Beyu Blue Coffee,Drink,Iced Teas and Not Coffee,Iced Chai Latte Oat Milk,24 oz,2g,4g,52g,42g,100mg,242
Beyu Blue Coffee,Drink,Iced Teas and Not Coffee,Iced Chai Latte Skim Milk,24 oz,0g,7g,40g,37g,95mg,188
Beyu Blue Coffee,Drink,Iced Teas and Not Coffee,Iced Chai Latte Whole Milk,24 oz,7g,7g,40g,37g,110mg,251
Beyu Blue Coffee,Drink,Iced Teas and Not Coffee,Iced Matcha Latte Oat Milk,20 oz,3g,6g,55g,31g,160mg,271
Beyu Blue Coffee,Drink,Iced Teas and Not Coffee,Iced Matcha Latte Skim Milk,20 oz,0g,12g,35g,23g,150mg,188
Beyu Blue Coffee,Drink,Iced Teas and Not Coffee,Iced Matcha Latte Whole Milk,20 oz,12g,12g,35g,22g,180mg,296
Beyu Blue Coffee,Drink,Dope Specialties,Caramello Oat Milk 8 oz,8 oz,2g,4g,30g,23g,95mg,154
Beyu Blue Coffee,Drink,Dope Specialties,Caramello Skim Milk,16 oz,1g,13g,43g,40g,180mg,233
Beyu Blue Coffee,Drink,Dope Specialties,Caramello Whole Milk,16 oz,13g,13g,42g,38g,210mg,337
Beyu Blue Coffee,Drink,Dope Specialties,Cocoaccino Oat Milk,12 oz,2.5g,5g,41g,30g,140mg,206
Beyu Blue Coffee,Drink,Dope Specialties,Cocoaccino Skim Milk,16 oz,0g,13g,33g,32g,170mg,184
Beyu Blue Coffee,Drink,Dope Specialties,Cocoaccino Whole Milk,12 oz,10g,10g,25g,23g,150mg,230
Beyu Blue Coffee,Drink,Dope Specialties,Dirty Chai Oat Milk,8 oz,1g,2g,25g,20g,50mg,117
Beyu Blue Coffee,Drink,Dope Specialties,Dirty Chai Skim Milk,12 oz,0g,5g,28g,26g,70mg,132
Beyu Blue Coffee,Drink,Dope Specialties,Dirty Chai Whole Milk,8 oz,3.5g,3g,19g,17g,55mg,120
Beyu Blue Coffee,Drink,Dope Specialties,Iced Caramello Oat Milk,20 oz,4g,7g,58g,43g,180mg,296
Beyu Blue Coffee,Drink,Dope Specialties,Iced Caramello Skim Milk,16 oz,1g,10g,30g,28g,135mg,169
Beyu Blue Coffee,Drink,Dope Specialties,Iced Caramello Whole Milk,16 oz,10g,10g,30g,27g,160mg,250
Beyu Blue Coffee,Drink,Dope Specialties,La Vanilla Oat Milk,16 oz,2.5g,5g,101g,90g,140mg,446
Beyu Blue Coffee,Drink,Dope Specialties,La Vanilla Skim Milk,12 oz,0g,7g,68g,68g,95mg,300
Beyu Blue Coffee,Drink,Dope Specialties,La Vanilla Whole Milk,12 oz,8g,8g,66g,65g,120mg,368
Beyu Blue Coffee,Drink,Dope Specialties,Mexican Latte Oat Milk,8 oz,1.5g,3g,27g,20g,90mg,134
Beyu Blue Coffee,Drink,Dope Specialties,Mexican Latte Skim Milk,8 oz,0g,6g,17g,16g,80mg,92
Beyu Blue Coffee,Drink,Dope Specialties,Mexican Latte Whole Milk,16 oz,13g,13g,34g,31g,200mg,305
Beyu Blue Coffee,Drink,Dope Specialties,Mint 2 B U Oat Milk,16 oz,3.5g,7g,55g,41g,180mg,280
Beyu Blue Coffee,Drink,Dope Specialties,Mint 2 B U Skim Milk,16 oz,0g,13g,34g,33g,170mg,188
Beyu Blue Coffee,Drink,Dope Specialties,Mint 2 B U Whole Milk,16 oz,2.5g,5g,80g,73g,75mg,362
Beyu Blue Coffee,Drink,Dope Specialties,Oprah Mocha Oat Milk,12 oz,2.5g,5g,45g,34g,150mg,222
Beyu Blue Coffee,Drink,Dope Specialties,Oprah Mocha Skim Milk,12 oz,0g,10g,31g,29g,150mg,164
Beyu Blue Coffee,Drink,Dope Specialties,Oprah Mocha Whole Milk,12 oz,10g,10g,31g,27g,170mg,254
Beyu Blue Coffee,Drink,Dope Specialties,Turtle Mocha Oat Milk,16 oz,3.5g,7g,59g,44g,190mg,296
Beyu Blue Coffee,Drink,Dope Specialties,Turtle Mocha Skim Milk,8 oz,0g,6g,20g,19g,85mg,104
Beyu Blue Coffee,Drink,Dope Specialties,Turtle Mocha Whole Milk,8 oz,6g,7g,20g,18g,105mg,162
Beyu Blue Coffee,Drink,Iced Dope Specialties,Iced Cocoaccino Oat Milk,16 oz,2g,5g,38g,29g,120mg,190
Beyu Blue Coffee,Drink,Iced Dope Specialties,Iced Cocoaccino Skim Milk,20 oz,0g,11g,30g,28g,140mg,164
Beyu Blue Coffee,Drink,Iced Dope Specialties,Iced Cocoaccino Whole Milk,16 oz,9g,9g,24g,22g,135mg,213
Beyu Blue Coffee,Drink,Iced Dope Specialties,Iced Dirty Chai Oat Milk,16 oz,1g,2g,30g,25g,60mg,137
Beyu Blue Coffee,Drink,Iced Dope Specialties,Iced Dirty Chai Skim Milk,20 oz,0g,5g,29g,27g,70mg,136
Beyu Blue Coffee,Drink,Iced Dope Specialties,Iced Dirty Chai Whole Milk,20 oz,5g,5g,29g,27g,85mg,181
Beyu Blue Coffee,Drink,Iced Dope Specialties,Iced La Vanilla Oat Milk,16 oz,2.5g,5g,39g,29g,135mg,198
Beyu Blue Coffee,Drink,Iced Dope Specialties,Iced La Vanilla Skim Milk,16 oz,0g,10g,22g,22g,130mg,128
Beyu Blue Coffee,Drink,Iced Dope Specialties,Iced La Vanilla Whole Milk,20 oz,12g,12g,28g,26g,190mg,268
Beyu Blue Coffee,Drink,Iced Dope Specialties,Iced Mexican Latte Oat Milk,20 oz,3g,7g,55g,41g,170mg,275
Beyu Blue Coffee,Drink,Iced Dope Specialties,Iced Mexican Latte Skim Milk,20 oz,0g,12g,34g,32g,160mg,184
Beyu Blue Coffee,Drink,Iced Dope Specialties,Iced Mexican Latte Whole Milk,20 oz,12g,13g,34g,31g,200mg,296
Beyu Blue Coffee,Drink,Iced Dope Specialties,Iced Mint 2 B U Oat Milk,20 oz,2.5g,6g,49g,37g,150mg,242
Beyu Blue Coffee,Drink,Iced Dope Specialties,Iced Mint 2 B U Skim Milk,20 oz,2.5g,6g,49g,37g,150mg,242
Beyu Blue Coffee,Drink,Iced Dope Specialties,Iced Mint 2 B U Whole Milk,20 oz,1g,2g,34g,31g,30mg,153
Beyu Blue Coffee,Drink,Iced Dope Specialties,Iced Oprah Mocha Oat Milk,20 oz,3.5g,7g,61g,45g,200mg,304
Beyu Blue Coffee,Drink,Iced Dope Specialties,Iced Oprah Mocha Skim Milk,20 oz,0g,13g,40g,37g,190mg,212
Beyu Blue Coffee,Drink,Iced Dope Specialties,Iced Oprah Mocha Whole Milk,16 oz,10g,10g,33g,29g,180mg,262
Beyu Blue Coffee,Drink,Iced Dope Specialties,Iced Turtle Mocha Oat Milk,20 oz,3.5g,7g,60g,45g,180mg,300
Beyu Blue Coffee,Drink,Iced Dope Specialties,Iced Turtle Mocha Skim Milk,16 oz,0g,9g,28g,26g,120mg,148
Beyu Blue Coffee,Drink,Iced Dope Specialties,Iced Turtle Mocha Whole Milk,16 oz,10g,10g,32g,28g,160mg,258
Beyu Blue Coffee,Drink,Espresso Classics,Cortado Oat Milk,5 oz,1g,2g,10g,7g,45mg,57
Beyu Blue Coffee,Drink,Espresso Classics,Cortado Skim Milk,5 oz,0g,3g,4g,4g,40mg,28
Beyu Blue Coffee,Drink,Espresso Classics,Cortado Whole Milk,5 oz,3g,3g,5g,4g,50mg,59
Beyu Blue Coffee,Drink,Espresso Classics,Espresso,Portion,0g,0g,0g,0g,0mg,0
Beyu Blue Coffee,Drink,Espresso Classics,Flat White Oat Milk,8 oz,1.5g,3g,19g,13g,85mg,102
Beyu Blue Coffee,Drink,Espresso Classics,Flat White Skim Milk,8 oz,0g,5g,7g,7g,65mg,48
Beyu Blue Coffee,Drink,Espresso Classics,Flat White Whole Milk,8 oz,5g,5g,8g,7g,80mg,97
Beyu Blue Coffee,Drink,Espresso Classics,Latte Oat Milk,12 oz,2.5g,5g,32g,22g,135mg,170
Beyu Blue Coffee,Drink,Espresso Classics,Latte Skim Milk,8 oz,0g,6g,9g,9g,80mg,60
Beyu Blue Coffee,Drink,Espresso Classics,Latte Whole Milk,8 oz,7g,7g,10g,9g,100mg,131
Beyu Blue Coffee,Drink,Espresso Classics,Macchiato Skim Milk,Portion,0g,0g,0g,0g,0mg,0
Beyu Blue Coffee,Drink,Espresso Classics,Mocha Oat Milk,12 oz,2.5g,5g,45g,34g,135mg,222
Beyu Blue Coffee,Drink,Espresso Classics,Mocha Skim Milk,16 oz,0g,13g,40g,37g,170mg,212
Beyu Blue Coffee,Drink,Espresso Classics,Mocha Whole Milk,16 oz,13g,13g,40g,36g,200mg,329
Beyu Blue Coffee,Drink,Espresso Classics,Red Eye,8 oz,0g,0g,0g,0g,10mg,0
Beyu Blue Coffee,Drink,Iced Espresso Classics,Iced Americano,20 oz,0g,0g,0g,0g,0mg,0
Beyu Blue Coffee,Drink,Iced Espresso Classics,Iced Cappuccino Skim Milk,16 oz,0g,9g,13g,13g,115mg,88
Beyu Blue Coffee,Drink,Iced Espresso Classics,Iced Latte Oat Milk,16 oz,2.5g,5g,32g,22g,135mg,170
Beyu Blue Coffee,Drink,Iced Espresso Classics,Iced Latte Skim Milk,16 oz,0g,10g,15g,15g,130mg,100
Beyu Blue Coffee,Drink,Iced Espresso Classics,Iced Latte Whole Milk,16 oz,10g,10g,15g,14g,160mg,190
Beyu Blue Coffee,Drink,Iced Espresso Classics,Iced Mocha Oat Milk,16 oz,2.5g,6g,48g,36g,140mg,238
Beyu Blue Coffee,Drink,Iced Espresso Classics,Iced Mocha Skim Milk,20 oz,0g,13g,40g,37g,170mg,212
Beyu Blue Coffee,Drink,Iced Espresso Classics,Iced Mocha Whole Milk,20 oz,12g,13g,40g,36g,200mg,320
Beyu Blue Coffee,Drink,Iced Espresso Classics,Iced Red Eye,16 oz,0g,0g,0g,0g,10mg,0
Gothic Grill,Any,None,Pepperoni Calzone,Calzone,69g,63g,90g,8g,2860mg,1233
Gothic Grill,Any,None,Veggie Calzone,Calzone,56g,61g,99g,13g,2400mg,1144
Gothic Grill,Any,Small Plates,Crispy Cauliflower,5.5 oz Portion,28g,3g,30g,2g,820mg,384
Gothic Grill,Any,Small Plates,Fried Shrimp,4 oz Portion,19g,11g,16g,4g,470mg,279
Gothic Grill,Any,Small Plates,Sweet Potato Waffle Fries,4.5 oz Portion,28g,1g,33g,8g,430mg,388
Gothic Grill,Any,Small Plates,Buffalo Chicken Macaroni and Cheese,10 oz Portion,23g,39g,28g,4g,2270mg,475
Gothic Grill,Any,Small Plates,Macaroni and Cheese Cup,6.5 oz Portion,20g,13g,28g,4g,1020mg,344
Gothic Grill,Any,Small Plates,Mozzarella Sticks,6 oz Portion,42g,24g,44g,4g,1830mg,650
Gothic Grill,Any,Small Plates,Chicken Cheese Nachos,Portion,49g,64g,74g,8g,1140mg,993
Gothic Grill,Any,Small Plates,Bavarian Pretzel,Portion,10g,24g,132g,0g,1320mg,714
Gothic Grill,Any,Small Plates,Tortilla Chips with Guacamole,10 oz Portion,34g,14g,99g,5g,430mg,758
Gothic Grill,Any,Small Plates,Chicken Wings,6 Pc Portion,89g,61g,0g,0g,250mg,1045
Gothic Grill,Any,Soups and Salads,Caprese Salad,Salad,38g,26g,29g,12g,820mg,562
Gothic Grill,Any,Soups and Salads,Grilled Chicken Salad,Salad,16g,57g,14g,7g,1570mg,428
Gothic Grill,Any,Soups and Salads,Crispy Buffalo Chicken Salad,Salad,39g,27g,41g,34g,1570mg,623
Gothic Grill,Any,Soups and Salads,Crispy Chicken Caesar Salad,Salad,95g,53g,53g,28g,3030mg,1279
Gothic Grill,Any,Soups and Salads,Broccoli and Cheese Soup,8 oz Portion,13g,7g,15g,7g,670mg,205
Gothic Grill,Any,Soups and Salads,Chicken and Noodle Soup,Cup Portion,2.5g,4g,11g,3g,730mg,82
Gothic Grill,Any,Soups and Salads,Vegan Vegetable Soup,8 oz Portion,1g,26g,12g,6g,730mg,161
Gothic Grill,Any,Sandwiches,BLT-A Sandwich,Sandwich,21g,17g,7g,3g,770mg,285
Gothic Grill,Any,Sandwiches,Vegetable Cheesesteak,Sandwich,29g,3g,23g,5g,540mg,365
Gothic Grill,Any,Sandwiches,Calabash Fish Sandwich,Sandwich,49g,15g,34g,2g,930mg,637
Gothic Grill,Any,Sandwiches,Chicken and Fresh Mozzarella Sandwich,Sandwich,24g,72g,55g,3g,1030mg,724
Gothic Grill,Any,Sandwiches,Chicken Parmesan Sandwich,Sandwich,21g,68g,8g,3g,1720mg,493
Gothic Grill,Any,Sandwiches,Chicken Philly Sandwich,Sandwich,16g,46g,3g,1g,1020mg,340
Gothic Grill,Any,Sandwiches,Chicken Salad Sandwich,Sandwich,13g,19g,7g,4g,190mg,221
Gothic Grill,Any,Sandwiches,Turkey with Smoked Gouda,Sandwich,39g,43g,5g,5g,2340mg,543
Gothic Grill,Any,Sandwiches,Philly Cheesesteak Sandwich,Sandwich,18g,29g,4g,2g,1110mg,294
Gothic Grill,Any,Sandwiches,Southern Fried Chicken Sandwich,Sandwich,27g,34g,8g,1g,730mg,411
Gothic Grill,Any,Sandwiches,Sweet Thai Chili Chicken Sandwich,Sandwich,587g,682g,3801g,2667g,192770mg,23215
Gothic Grill,Any,Sandwiches,Teriyaki Chicken Sandwich,Sandwich,8g,51g,21g,17g,12760mg,360
Gothic Grill,Any,Sandwich Adds,Avocado,4 Avocado Portion,0g,0g,0g,0g,0mg,0
Gothic Grill,Any,Sandwich Adds,Fried Egg,Egg,8g,7g,0g,0g,110mg,100
Gothic Grill,Any,Sandwich Adds,Sauteed Mushroom,1.2 oz Portion,0g,1g,1g,0g,5mg,8
Gothic Grill,Any,Wraps,Buffalo Cauliflower Wrap,Wrap,70g,14g,85g,7g,3140mg,1026
Gothic Grill,Any,Wraps,Buffalo Chicken Wrap,Wrap,38g,39g,72g,22g,2960mg,786
Gothic Grill,Any,Wraps,Buffalo Shrimp Wrap,Wrap,41g,29g,69g,3g,2490mg,761
Gothic Grill,Any,Wraps,Chicken Caesar Wrap,Wrap,45g,66g,54g,4g,1670mg,885
Gothic Grill,Any,Wraps,Turkey Club Wrap,Wrap,24g,40g,63g,9g,2420mg,628
Gothic Grill,Any,Burgers,Cali Smash Burger,Sandwich,43g,46g,54g,6g,2820mg,787
Gothic Grill,Any,Burgers,Duke Bleu Cheese Burger,Sandwich,71g,71g,44g,7g,3630mg,1099
Gothic Grill,Any,Burgers,Gothic Burger,Sandwich,82g,62g,48g,15g,3820mg,1178
Gothic Grill,Any,Burgers,NC Burger,Sandwich,65g,64g,44g,14g,3390mg,1017
Gothic Grill,Any,Burgers,Double Patty Melt Sandwich,Sandwich,54g,63g,5g,1g,2540mg,758
Gothic Grill,Any,Pizzas,Barbecue Chicken Pizza,Pizza,44g,79g,112g,14g,2800mg,1160
Gothic Grill,Any,Pizzas,Cali Pizza,Pizza,59g,77g,92g,5g,2270mg,1207
Gothic Grill,Any,Pizzas,Island Pizza,Pizza,55g,78g,107g,21g,3790mg,1235
Gothic Grill,Any,Pizzas,Meateater Pizza,Pizza,80g,86g,95g,12g,4190mg,1444
Gothic Grill,Any,Pizzas,Veg Pizza,Pizza,38g,22g,121g,13g,2330mg,914
Gothic Grill,Any,Sides,House Made Chips,8 oz Portion,42g,5g,49g,2g,530mg,594
Gothic Grill,Any,Sides,Coleslaw,5 oz Portion,11g,1g,24g,21g,300mg,199
Gothic Grill,Any,Sides,Fresh Cut Fries,4 oz Portion,21g,1g,15g,1g,210mg,253
Gothic Grill,Any,Sides,Tortilla Chips,3 oz Portion,10g,5g,44g,3g,30mg,286
Gothic Grill,Any,Ice Cream Cone (Choose 1),Cake Cone,Cone,0g,0g,4g,0g,5mg,16
Gothic Grill,Any,Ice Cream Cone (Choose 1),Waffle Cone,Cone,0g,2g,22g,7g,50mg,96
Gothic Grill,Any,Ice Cream,Chocolate Cookie Dough Ice Cream,Scoop,16g,2g,23g,21g,135mg,244
Gothic Grill,Any,Ice Cream,Chocolate Ice Cream,Scoop,24g,10g,45g,23g,150mg,436
Gothic Grill,Any,Ice Cream,Coffee Ice Cream,Scoop,16g,2g,20g,19g,120mg,232
Gothic Grill,Any,Ice Cream,Cookies and Cream Ice Cream,Scoop,16g,2g,21g,20g,115mg,236
Gothic Grill,Any,Ice Cream,Devil's Delight Ice Cream,Scoop,17g,3g,23g,22g,120mg,257
Gothic Grill,Any,Ice Cream,Mint Chocolate Chip Ice Cream,Scoop,16g,2g,21g,20g,120mg,236
Gothic Grill,Any,Ice Cream,Strawberry Ice Cream,Scoop,14g,2g,18g,18g,115mg,206
Gothic Grill,Any,Ice Cream,Vanilla Ice Cream,Scoop,24g,3g,29g,29g,180mg,344
The Devils Krafthouse,Any,Available 11:00 AM-2:00 PM,Bacon Egg and Cheese Bagel,Sandwich,25g,29g,57g,1g,1170mg,569
The Devils Krafthouse,Any,Available 11:00 AM-2:00 PM,Breakfast Potato Bowl,Bowl,51g,42g,41g,2g,1590mg,791
The Devils Krafthouse,Any,Available 11:00 AM-2:00 PM,Breakfast Potatoes,4 oz Portion,5g,3g,28g,0g,520mg,169
The Devils Krafthouse,Any,Available 11:00 AM-2:00 PM,Egg and Cheese Sandwich,Sandwich,17g,17g,33g,5g,540mg,353
The Devils Krafthouse,Any,Available 11:00 AM-2:00 PM,Southwest Wrap,Wrap,40g,36g,62g,5g,1250mg,752
The Devils Krafthouse,Any,Available 11:00 AM-2:00 PM,Turkey Sausage Egg Bagel,Sandwich,17g,24g,56g,1g,970mg,473
The Devils Krafthouse,Any,Available 11:00 AM-2:00 PM,Vegetable Goat Cheese Bowl,Bowl,38g,36g,53g,7g,1090mg,698
The Devils Krafthouse,Any,Small Plates,Barbecue Ranch Fries,Portion,95g,38g,50g,15g,2810mg,1207
The Devils Krafthouse,Any,Small Plates,Battered Onion Rings,5 oz Portion,32g,6g,53g,7g,780mg,524
The Devils Krafthouse,Any,Small Plates,Buffalo Ranch Chicken Fries,Portion,103g,43g,61g,29g,2810mg,1343
The Devils Krafthouse,Any,Small Plates,Cheese Curds,5 oz Portion,47g,28g,20g,0g,980mg,615
The Devils Krafthouse,Any,Small Plates,Hummus Plate,Plate,15g,6g,36g,19g,1890mg,303
The Devils Krafthouse,Any,Small Plates,Loaded Chips,10 oz Portion,61g,29g,32g,4g,1530mg,793
The Devils Krafthouse,Any,Small Plates,Loaded Fries,13 oz Portion,66g,29g,30g,4g,1310mg,830
The Devils Krafthouse,Any,Small Plates,Loaded Sweet Potato Tots,12 oz Portion,52g,28g,46g,17g,1370mg,764
The Devils Krafthouse,Any,Small Plates,Nachos,Plate,31g,20g,85g,11g,1690mg,699
The Devils Krafthouse,Any,Small Plates,Vegan Crispy Garden Tenders,7 oz Portion,32g,28g,28g,0g,710mg,512
The Devils Krafthouse,Any,Small Plates,Fried Pickle Fries,6.9 oz Portion,40g,4g,48g,2g,1510mg,568
The Devils Krafthouse,Any,Small Plates,Southwest Breakfast Bowl,Bowl,58g,51g,48g,4g,2610mg,918
The Devils Krafthouse,Any,Small Plates,Beer Battered Cod,2 Pc Portion,44g,18g,30g,0g,930mg,588
The Devils Krafthouse,Any,Salads,Arugula Chicken and Goat Cheese Salad,Salad,18g,58g,16g,8g,580mg,458
The Devils Krafthouse,Any,Salads,Buffalo Bacon Ranch Bowl,Bowl,60g,49g,36g,4g,2760mg,880
The Devils Krafthouse,Any,Salads,Caribbean Fish Salad,Salad,12g,37g,56g,4g,340mg,480
The Devils Krafthouse,Any,Salads,Flank Steak Salad,Salad,32g,46g,23g,6g,2100mg,564
The Devils Krafthouse,Any,Salads,Fried Chicken Salad,Salad,26g,28g,41g,7g,1500mg,510
The Devils Krafthouse,Any,Salads,Ginger Salmon Salad,Salad,36g,41g,36g,11g,1660mg,632
The Devils Krafthouse,Any,Salads,Mixed Arugula Salad,Salad,33g,2g,22g,13g,120mg,393
The Devils Krafthouse,Any,Salads,Southwest Chicken Cobb Salad,Salad,36g,66g,39g,10g,1140mg,744
The Devils Krafthouse,Any,Salad Dressings,Balsamic Vinaigrette Dressing,2 oz Portion,33g,0g,5g,4g,40mg,317
The Devils Krafthouse,Any,Salad Dressings,Buttermilk Ranch Dressing,2 oz Portion,21g,1g,3g,2g,430mg,205
The Devils Krafthouse,Any,Salad Dressings,Cilantro Citrus Vinaigrette,2 oz Portion,31g,0g,8g,6g,100mg,311
The Devils Krafthouse,Any,Salad Dressings,Honey Mustard Sauce,2 oz Portion,4.5g,0g,11g,11g,980mg,84
The Devils Krafthouse,Any,Handhelds,Avocado Toast Plate,Plate,35g,34g,9g,6g,400mg,487
The Devils Krafthouse,Any,Handhelds,BBQ Chicken Sandwich,Sandwich,12g,52g,15g,9g,540mg,376
The Devils Krafthouse,Any,Handhelds,Buffalo Tender Sandwich,Sandwich,33g,24g,23g,2g,1620mg,485
The Devils Krafthouse,Any,Handhelds,Flame Grilled Chicken,Sandwich,14g,54g,4g,1g,170mg,358
The Devils Krafthouse,Any,Handhelds,Flank Steak French Dip,Sandwich,48g,54g,7g,2g,950mg,676
The Devils Krafthouse,Any,Handhelds,Griled Mahi Mahi Wrap,Wrap,38g,35g,31g,3g,680mg,606
The Devils Krafthouse,Any,Handhelds,Grilled Cheese,Sandwich,25g,15g,0g,0g,500mg,285
The Devils Krafthouse,Any,Handhelds,Jack Fruit BBQ,Sandwich,1g,6g,24g,0g,60mg,129
The Devils Krafthouse,Any,Handhelds,Pastrami Reuben,Sandwich,72g,50g,12g,2g,2410mg,896
The Devils Krafthouse,Any,Handhelds,Turkey and Havarti,Sandwich,35g,33g,15g,10g,1070mg,507
The Devils Krafthouse,Any,Handhelds,Vegan Grilled Cheese Sandwich,Sandwich,18g,0g,15g,0g,580mg,222
The Devils Krafthouse,Any,Handhelds,Salmon Ginger Wrap,Wrap,35g,25g,49g,41g,1470mg,611
The Devils Krafthouse,Any,Handhelds,Philly Steak Wrap,Wrap,42g,37g,14g,6g,480mg,582
The Devils Krafthouse,Any,Burgers,BBQ Bacon Burger,Sandwich,50g,57g,31g,3g,1020mg,802
The Devils Krafthouse,Any,Burgers,Brecky Burger,Sandwich,55g,64g,2g,0g,1030mg,759
The Devils Krafthouse,Any,Burgers,Brie and Bacon Jam Burger,Sandwich,47g,54g,20g,17g,750mg,719
The Devils Krafthouse,Any,Burgers,Diablo Burger,Sandwich,41g,54g,5g,1g,850mg,605
The Devils Krafthouse,Any,Burgers,Dilly Burger,Burger,52g,52g,9g,1g,1040mg,712
The Devils Krafthouse,Any,Burgers,Impossible Burger,Burger,17g,17g,15g,2g,500mg,281
The Devils Krafthouse,Any,Burgers,Krafthouse Burger,Sandwich,56g,54g,4g,2g,630mg,736
The Devils Krafthouse,Any,Burgers,Loaded Pastrami Burger,Sandwich,73g,87g,15g,0g,1460mg,1065
The Devils Krafthouse,Any,Burgers,Mushroom Swiss Burger,Sandwich,38g,55g,9g,4g,380mg,598
The Devils Krafthouse,Any,Burgers,Queso Burger,Sandwich,40g,51g,15g,4g,880mg,624
The Devils Krafthouse,Any,Sides,Mixed Fruit Cup,12 oz Portion,0g,3g,40g,35g,35mg,172
The Devils Krafthouse,Any,Sides,Mixed Green Salad,Salad,0g,3g,15g,10g,60mg,72
The Devils Krafthouse,Any,Housemade Milkshakes (Available 11:00 am - 11:00 pm),Cappuccino Chip Shake,Shake,23g,12g,93g,82g,290mg,627
The Devils Krafthouse,Any,Housemade Milkshakes (Available 11:00 am - 11:00 pm),Cappuccino Shake,Shake,16g,11g,82g,73g,290mg,516
The Devils Krafthouse,Any,Housemade Milkshakes (Available 11:00 am - 11:00 pm),Chocolate Chip Shake,Shake,26g,15g,87g,76g,350mg,642
The Devils Krafthouse,Any,Housemade Milkshakes (Available 11:00 am - 11:00 pm),Chocolate Oreo Shake,Shake,21g,14g,122g,100g,400mg,733
The Devils Krafthouse,Any,Housemade Milkshakes (Available 11:00 am - 11:00 pm),Chocolate Shake,Shake,17g,14g,108g,93g,330mg,641
The Devils Krafthouse,Any,Housemade Milkshakes (Available 11:00 am - 11:00 pm),Mint Chocolate Chip Shake,Shake,23g,12g,89g,79g,290mg,611
The Devils Krafthouse,Any,Housemade Milkshakes (Available 11:00 am - 11:00 pm),Mint Oreo Shake,Shake,21g,12g,97g,81g,380mg,625
The Devils Krafthouse,Any,Housemade Milkshakes (Available 11:00 am - 11:00 pm),Mint Shake,Shake,16g,11g,78g,71g,290mg,500
The Devils Krafthouse,Any,Housemade Milkshakes (Available 11:00 am - 11:00 pm),Mocha Shake,Shake,16g,13g,118g,103g,310mg,668
The Devils Krafthouse,Any,Housemade Milkshakes (Available 11:00 am - 11:00 pm),Oreo Shake,Shake,21g,12g,81g,66g,380mg,561
The Devils Krafthouse,Any,Housemade Milkshakes (Available 11:00 am - 11:00 pm),Strawberry Chip Shake,Shake,23g,13g,94g,83g,290mg,635
The Devils Krafthouse,Any,Housemade Milkshakes (Available 11:00 am - 11:00 pm),Strawberry Shake,Shake,16g,12g,83g,74g,290mg,524
The Devils Krafthouse,Any,Housemade Milkshakes (Available 11:00 am - 11:00 pm),Vanilla Shake,Shake,18g,12g,70g,61g,320mg,490
It's Thyme,Dinner,Dinner Thyme Entrees (Available After 4 PM),Grilled Chicken Nuggets,4 oz Portion,3g,23g,3g,20g,810mg,131
It's Thyme,Dinner,Dinner Thyme Entrees (Available After 4 PM),Spaghetti Squash Primavera,Bowl,27g,13g,80g,33g,3420mg,615
It's Thyme,Dinner,Dinner Thyme Entrees (Available After 4 PM),Hot Honey Chicken Tenders,9.4 oz Portion,65g,32g,76g,6g,40mg,1017
It's Thyme,Dinner,Made To Order Chickpea Falafel Wrap and Taco Thyme Tortilla,Chickpea Tortilla,2 Tortilla Taco Portion,4.5g,9g,21g,7g,380mg,160
It's Thyme,Dinner,Made to Order Street Taco Thyme Proteins (Choose One),Caribbean Jerk Chicken,4.22 oz Portion,3g,23g,5g,3g,790mg,139
It's Thyme,Dinner,Made to Order Street Taco Thyme Proteins (Choose One),Shredded Beef,4 oz Portion,16g,17g,4g,1g,500mg,228
It's Thyme,Dinner,Made to Order Street Taco Thyme Proteins (Choose One),Sweet Potatoes,6 oz Portion,4.5g,3g,34g,11g,150mg,188
It's Thyme,Dinner,Dinner Thyme Sides,Barbecue Sweet Potato Chips,2.4 oz Portion,9g,1g,11g,3g,2410mg,129
It's Thyme,Dinner,Dinner Thyme Sides,Citrus Za-atar Crunch Sweet Potato Chips,2.4 oz Portion,9g,1g,11g,3g,2450mg,129
It's Thyme,Dinner,Dinner Thyme Sides,Grilled Cinnamon Pineapple,3.15 Portion,1g,1g,21g,19g,35mg,97
It's Thyme,Dinner,Dinner Thyme Sides,Smoky Chili Lime Sweet Potato Chips,2.4 oz Portion,9g,1g,11g,3g,2440mg,129
It's Thyme,Dinner,Dinner Thyme Sides,Sweet Potato Chips,2.42 oz Portion,10g,1g,11g,4g,160mg,138
It's Thyme,Any,It's Thyme For A Dole Whip,Cherry (Contains Coconut),7.5 oz Portion,0g,0g,12g,11g,0mg,48
It's Thyme,Any,It's Thyme For A Dole Whip,Lemon (Contains Coconut),7.5 oz Portion,1g,0g,48g,44g,20mg,201
It's Thyme,Any,It's Thyme For A Dole Whip,Lime (Contains Coconut),7.5 oz Portion,0g,0g,0g,11g,0mg,0
It's Thyme,Any,It's Thyme For A Dole Whip,Mango (Contains Coconut),7.5 oz Portion,1g,0g,49g,47g,20mg,205
It's Thyme,Any,It's Thyme For A Dole Whip,Orange (Contains Coconut),7.5 oz Portion,1g,0g,48g,44g,20mg,201
It's Thyme,Any,It's Thyme For A Dole Whip,Pineapple (Contains Coconut),7.5 oz Portion,1g,0g,48g,44g,20mg,201
It's Thyme,Any,It's Thyme For A Dole Whip,Pomegranate (Contains Coconut),7.5 oz Portion,1g,0g,46g,44g,20mg,193
It's Thyme,Any,It's Thyme For A Dole Whip,Raspberry (Contains Coconut),7.5 oz Portion,1g,0g,48g,47g,10mg,201
It's Thyme,Any,It's Thyme For A Dole Whip,Strawberry (Contains Coconut),7.5 oz Portion,1g,0g,49g,47g,50mg,205
It's Thyme,Any,It's Thyme For A Dole Whip,Watermelon (Contains Coconut),7.5 oz Portion,1g,0g,51g,47g,0mg,213
Zweli's Caf at Duke Divinity,Breakfast,Breakfast Biscuits and Sandwiches,Egg and Cheese Waffle Smash,Sandwich,25g,17g,24g,2g,570mg,389
Zweli's Caf at Duke Divinity,Breakfast,Breakfast Biscuits and Sandwiches,Homemade Biscuit,Biscuit,10g,3g,26g,1g,490mg,206
Zweli's Caf at Duke Divinity,Breakfast,Breakfast Sides,Fruit Medley,6 oz Portion,0g,1g,16g,13g,20mg,68
Zweli's Caf at Duke Divinity,Breakfast,Breakfast Sides,Grits,4 oz Portion,1.5g,1g,10g,0g,105mg,58
Zweli's Caf at Duke Divinity,Breakfast,Breakfast Sides,Scrambled Eggs,4.4 oz Portion,14g,11g,2g,1g,150mg,178
Zweli's Caf at Duke Divinity,Breakfast,Breakfast Sides,Sweet Potato Hash,4 oz Portion,1g,2g,26g,3g,300mg,121
Zweli's Caf at Duke Divinity,Breakfast,Breakfast Sides,Toast,Slice,1g,3g,16g,1g,160mg,85
Zweli's Caf at Duke Divinity,Breakfast,Breakfast Sides,Vegan Oatmeal,4 oz Portion,4g,12g,47g,4g,50mg,272
Zweli's Caf at Duke Divinity,Lunch,Panini Lunch Sandwiches,Buffalo Chicken Panini,Sandwich,13g,37g,38g,6g,1780mg,417
Zweli's Caf at Duke Divinity,Lunch,Panini Lunch Sandwiches,Garden Veggie Panini,Sandwich,9g,6g,44g,4g,1580mg,281
Zweli's Caf at Duke Divinity,Lunch,Panini Lunch Sandwiches,Turkey Avocado Panini,Sandwich,41g,49g,42g,2g,2580mg,733
Zweli's Caf at Duke Divinity,Lunch,Lunch Entrees,Curry Chicken,6 oz Portion,13g,16g,17g,6g,300mg,249
Zweli's Caf at Duke Divinity,Lunch,Lunch Entrees,Grilled Portabella Mushroom,Portion,3g,6g,9g,5g,60mg,87
Zweli's Caf at Duke Divinity,Lunch,Lunch Entrees,Honey Glazed Pork Chop,Pork Chop,33g,36g,97g,90g,1800mg,829
Zweli's Caf at Duke Divinity,Lunch,Lunch Entrees,Nyama Zimbabwean Beef Stew,7.1 oz Portion,14g,24g,6g,3g,630mg,246
Zweli's Caf at Duke Divinity,Lunch,Lunch Entrees,Piri Piri Grilled Chicken Breast,Portion,2g,43g,4g,6g,2220mg,206
Zweli's Caf at Duke Divinity,Lunch,Lunch Sides,Chakalaka,6 oz Portion,3.5g,6g,33g,9g,230mg,188
Zweli's Caf at Duke Divinity,Lunch,Lunch Sides,Garlic Mashed Potatoes,5 oz Portion,6g,3g,25g,2g,1250mg,166
Zweli's Caf at Duke Divinity,Lunch,Lunch Sides,Green Beans and Potatoes,3 oz Portion,5g,2g,9g,2g,340mg,89
Zweli's Caf at Duke Divinity,Lunch,Lunch Sides,Honey Glazed Carrots,5 oz Portion,8g,3g,22g,16g,240mg,172
Zweli's Caf at Duke Divinity,Lunch,Lunch Sides,Jollof Rice,4 oz Portion,1g,3g,25g,7g,210mg,121
Zweli's Caf at Duke Divinity,Lunch,Lunch Sides,Sadza,4 oz Portion,0g,5g,58g,0g,25mg,252
Zweli's Caf at Duke Divinity,Lunch,Lunch Sides,Sauteed Curry Cabbage,6 oz Portion,2g,2g,10g,5g,95mg,66
Zweli's Caf at Duke Divinity,Lunch,Lunch Sides,Soft Roll,Batch,145g,168g,920g,539g,11880mg,5657
Zweli's Caf at Duke Divinity,Lunch,Lunch Sides,Zimbabwean Collards,2.6 oz Portion,5g,1g,3g,7g,310mg,61
Zweli's Caf at Duke Divinity,Lunch,Lunch Sides,Gala Apple,Apple,0g,3g,20g,15g,0mg,92
